TLC2 Version 2.19 of 08 August 2024 (rev: 5a47802)
Running breadth-first search Model-Checking with fp 23 and seed -6557682036106048301 with 32 workers on 48 cores with 27305MB heap and 64MB offheap memory (Linux 6.18.26 amd64, Oracle Corporation 1.8.0_472 x86_64, MSBDiskFPSet, DiskStateQueue).
Parsing file /root/synchronizer-spec/MCBig.tla
Parsing file /root/synchronizer-spec/Synchronizer.tla
Parsing file /tmp/Naturals.tla
Parsing file /tmp/FiniteSets.tla
Parsing file /tmp/Sequences.tla
Parsing file /tmp/TLC.tla
Semantic processing of module Naturals
Semantic processing of module Sequences
Semantic processing of module FiniteSets
Semantic processing of module TLC
Semantic processing of module Synchronizer
Semantic processing of module MCBig
Starting... (2026-05-08 18:37:16)
Computing initial states...
Finished computing initial states: 1 distinct state generated at 2026-05-08 18:37:16.
Progress(13) at 2026-05-08 18:37:19: 472,694 states generated (472,694 s/min), 55,226 distinct states found (55,226 ds/min), 33,377 states left on queue.
Progress(17) at 2026-05-08 18:38:19: 9,463,974 states generated (8,991,280 s/min), 958,324 distinct states found (903,098 ds/min), 510,228 states left on queue.
Progress(18) at 2026-05-08 18:39:19: 16,435,416 states generated (6,971,442 s/min), 1,600,288 distinct states found (641,964 ds/min), 803,405 states left on queue.
Progress(18) at 2026-05-08 18:40:19: 21,800,724 states generated (5,365,308 s/min), 2,119,028 distinct states found (518,740 ds/min), 1,035,343 states left on queue.
Progress(18) at 2026-05-08 18:41:19: 27,783,724 states generated (5,983,000 s/min), 2,634,010 distinct states found (514,982 ds/min), 1,249,870 states left on queue.
Progress(19) at 2026-05-08 18:42:19: 32,293,724 states generated (4,510,000 s/min), 3,070,407 distinct states found (436,397 ds/min), 1,434,630 states left on queue.
Progress(19) at 2026-05-08 18:43:19: 36,173,789 states generated (3,880,065 s/min), 3,457,255 distinct states found (386,848 ds/min), 1,590,497 states left on queue.
Progress(19) at 2026-05-08 18:44:19: 40,650,324 states generated (4,476,535 s/min), 3,867,931 distinct states found (410,676 ds/min), 1,743,547 states left on queue.
Progress(19) at 2026-05-08 18:45:19: 45,074,645 states generated (4,424,321 s/min), 4,263,453 distinct states found (395,522 ds/min), 1,911,406 states left on queue.
Progress(19) at 2026-05-08 18:46:19: 50,145,294 states generated (5,070,649 s/min), 4,670,538 distinct states found (407,085 ds/min), 2,035,612 states left on queue.
Progress(20) at 2026-05-08 18:47:19: 54,065,771 states generated (3,920,477 s/min), 5,051,088 distinct states found (380,550 ds/min), 2,167,053 states left on queue.
Progress(20) at 2026-05-08 18:48:19: 56,805,054 states generated (2,739,283 s/min), 5,318,689 distinct states found (267,601 ds/min), 2,286,710 states left on queue.
Progress(20) at 2026-05-08 18:49:19: 59,939,693 states generated (3,134,639 s/min), 5,628,220 distinct states found (309,531 ds/min), 2,392,475 states left on queue.
Progress(20) at 2026-05-08 18:50:19: 63,291,262 states generated (3,351,569 s/min), 5,937,762 distinct states found (309,542 ds/min), 2,489,924 states left on queue.
Progress(20) at 2026-05-08 18:51:19: 66,886,657 states generated (3,595,395 s/min), 6,257,793 distinct states found (320,031 ds/min), 2,579,118 states left on queue.
Progress(20) at 2026-05-08 18:52:19: 70,444,424 states generated (3,557,767 s/min), 6,595,047 distinct states found (337,254 ds/min), 2,706,807 states left on queue.
Progress(20) at 2026-05-08 18:53:19: 73,356,698 states generated (2,912,274 s/min), 6,867,349 distinct states found (272,302 ds/min), 2,823,964 states left on queue.
Progress(20) at 2026-05-08 18:54:19: 77,246,232 states generated (3,889,534 s/min), 7,188,427 distinct states found (321,078 ds/min), 2,922,865 states left on queue.
Progress(20) at 2026-05-08 18:55:19: 81,204,339 states generated (3,958,107 s/min), 7,505,943 distinct states found (317,516 ds/min), 3,005,578 states left on queue.
Progress(21) at 2026-05-08 18:56:19: 86,103,364 states generated (4,899,025 s/min), 7,900,800 distinct states found (394,857 ds/min), 3,095,605 states left on queue.
Progress(21) at 2026-05-08 18:57:19: 88,437,449 states generated (2,334,085 s/min), 8,146,757 distinct states found (245,957 ds/min), 3,175,068 states left on queue.
Progress(21) at 2026-05-08 18:58:19: 91,160,611 states generated (2,723,162 s/min), 8,424,154 distinct states found (277,397 ds/min), 3,274,637 states left on queue.
Progress(21) at 2026-05-08 18:59:19: 93,165,787 states generated (2,005,176 s/min), 8,614,366 distinct states found (190,212 ds/min), 3,349,977 states left on queue.
Progress(21) at 2026-05-08 19:00:19: 95,776,703 states generated (2,610,916 s/min), 8,833,258 distinct states found (218,892 ds/min), 3,415,934 states left on queue.
Progress(21) at 2026-05-08 19:01:19: 98,082,061 states generated (2,305,358 s/min), 9,076,008 distinct states found (242,750 ds/min), 3,483,950 states left on queue.
Progress(21) at 2026-05-08 19:02:19: 100,554,914 states generated (2,472,853 s/min), 9,317,189 distinct states found (241,181 ds/min), 3,548,448 states left on queue.
Progress(21) at 2026-05-08 19:03:19: 103,791,920 states generated (3,237,006 s/min), 9,587,663 distinct states found (270,474 ds/min), 3,612,468 states left on queue.
Progress(21) at 2026-05-08 19:04:19: 106,778,594 states generated (2,986,674 s/min), 9,859,597 distinct states found (271,934 ds/min), 3,673,948 states left on queue.
Progress(21) at 2026-05-08 19:05:19: 110,398,779 states generated (3,620,185 s/min), 10,166,437 distinct states found (306,840 ds/min), 3,742,766 states left on queue.
Progress(21) at 2026-05-08 19:06:19: 112,586,141 states generated (2,187,362 s/min), 10,397,490 distinct states found (231,053 ds/min), 3,833,040 states left on queue.
Checkpointing of run states/26-05-08-18-37-16
Checkpointing completed at (2026-05-08 19:07:19)
Progress(21) at 2026-05-08 19:07:19: 114,834,274 states generated (2,248,133 s/min), 10,624,455 distinct states found (226,965 ds/min), 3,923,549 states left on queue.
Progress(21) at 2026-05-08 19:08:19: 117,030,185 states generated (2,195,911 s/min), 10,818,736 distinct states found (194,281 ds/min), 3,989,541 states left on queue.
Progress(21) at 2026-05-08 19:09:19: 120,150,825 states generated (3,120,640 s/min), 11,068,149 distinct states found (249,413 ds/min), 4,061,432 states left on queue.
Progress(21) at 2026-05-08 19:10:19: 123,394,732 states generated (3,243,907 s/min), 11,343,201 distinct states found (275,052 ds/min), 4,126,736 states left on queue.
Progress(21) at 2026-05-08 19:11:19: 126,633,722 states generated (3,238,990 s/min), 11,601,365 distinct states found (258,164 ds/min), 4,174,611 states left on queue.
Progress(21) at 2026-05-08 19:12:19: 130,425,255 states generated (3,791,533 s/min), 11,895,731 distinct states found (294,366 ds/min), 4,231,250 states left on queue.
Progress(22) at 2026-05-08 19:13:19: 134,720,742 states generated (4,295,487 s/min), 12,245,197 distinct states found (349,466 ds/min), 4,286,067 states left on queue.
Progress(22) at 2026-05-08 19:14:19: 136,417,161 states generated (1,696,419 s/min), 12,436,479 distinct states found (191,282 ds/min), 4,349,044 states left on queue.
Progress(22) at 2026-05-08 19:15:19: 138,397,807 states generated (1,980,646 s/min), 12,637,282 distinct states found (200,803 ds/min), 4,406,480 states left on queue.
Progress(22) at 2026-05-08 19:16:19: 140,708,332 states generated (2,310,525 s/min), 12,863,227 distinct states found (225,945 ds/min), 4,470,244 states left on queue.
Progress(22) at 2026-05-08 19:17:19: 142,564,313 states generated (1,855,981 s/min), 13,042,511 distinct states found (179,284 ds/min), 4,530,407 states left on queue.
Progress(22) at 2026-05-08 19:18:19: 144,120,624 states generated (1,556,311 s/min), 13,186,415 distinct states found (143,904 ds/min), 4,576,438 states left on queue.
Progress(22) at 2026-05-08 19:19:19: 145,895,248 states generated (1,774,624 s/min), 13,338,281 distinct states found (151,866 ds/min), 4,617,400 states left on queue.
Progress(22) at 2026-05-08 19:20:19: 148,420,619 states generated (2,525,371 s/min), 13,552,039 distinct states found (213,758 ds/min), 4,663,235 states left on queue.
Progress(22) at 2026-05-08 19:21:19: 150,451,555 states generated (2,030,936 s/min), 13,764,407 distinct states found (212,368 ds/min), 4,711,639 states left on queue.
Progress(22) at 2026-05-08 19:22:19: 152,799,687 states generated (2,348,132 s/min), 13,990,980 distinct states found (226,573 ds/min), 4,757,668 states left on queue.
Progress(22) at 2026-05-08 19:23:19: 155,200,198 states generated (2,400,511 s/min), 14,207,018 distinct states found (216,038 ds/min), 4,796,752 states left on queue.
Progress(22) at 2026-05-08 19:24:19: 157,964,920 states generated (2,764,722 s/min), 14,428,240 distinct states found (221,222 ds/min), 4,840,251 states left on queue.
Progress(22) at 2026-05-08 19:25:19: 160,406,738 states generated (2,441,818 s/min), 14,659,542 distinct states found (231,302 ds/min), 4,885,180 states left on queue.
Progress(22) at 2026-05-08 19:26:19: 163,633,546 states generated (3,226,808 s/min), 14,912,827 distinct states found (253,285 ds/min), 4,915,723 states left on queue.
Progress(22) at 2026-05-08 19:27:19: 166,219,368 states generated (2,585,822 s/min), 15,157,409 distinct states found (244,582 ds/min), 4,974,735 states left on queue.
Progress(22) at 2026-05-08 19:28:19: 167,860,325 states generated (1,640,957 s/min), 15,329,053 distinct states found (171,644 ds/min), 5,029,574 states left on queue.
Progress(22) at 2026-05-08 19:29:19: 169,933,630 states generated (2,073,305 s/min), 15,533,598 distinct states found (204,545 ds/min), 5,091,428 states left on queue.
Progress(22) at 2026-05-08 19:30:19: 171,928,445 states generated (1,994,815 s/min), 15,730,888 distinct states found (197,290 ds/min), 5,154,877 states left on queue.
Progress(22) at 2026-05-08 19:31:19: 173,522,092 states generated (1,593,647 s/min), 15,880,925 distinct states found (150,037 ds/min), 5,203,261 states left on queue.
Progress(22) at 2026-05-08 19:32:19: 175,292,471 states generated (1,770,379 s/min), 16,035,298 distinct states found (154,373 ds/min), 5,244,743 states left on queue.
Progress(22) at 2026-05-08 19:33:19: 177,908,798 states generated (2,616,327 s/min), 16,244,484 distinct states found (209,186 ds/min), 5,292,728 states left on queue.
Progress(22) at 2026-05-08 19:34:19: 180,610,050 states generated (2,701,252 s/min), 16,452,670 distinct states found (208,186 ds/min), 5,338,530 states left on queue.
Progress(22) at 2026-05-08 19:35:19: 183,582,606 states generated (2,972,556 s/min), 16,704,964 distinct states found (252,294 ds/min), 5,382,354 states left on queue.
Progress(22) at 2026-05-08 19:36:19: 186,371,843 states generated (2,789,237 s/min), 16,936,751 distinct states found (231,787 ds/min), 5,417,989 states left on queue.
Checkpointing of run states/26-05-08-18-37-16
Checkpointing completed at (2026-05-08 19:37:19)
Progress(22) at 2026-05-08 19:37:19: 189,398,296 states generated (3,026,453 s/min), 17,158,913 distinct states found (222,162 ds/min), 5,448,844 states left on queue.
Progress(22) at 2026-05-08 19:38:19: 192,950,744 states generated (3,552,448 s/min), 17,431,033 distinct states found (272,120 ds/min), 5,478,816 states left on queue.
Progress(23) at 2026-05-08 19:39:19: 196,509,729 states generated (3,558,985 s/min), 17,730,411 distinct states found (299,378 ds/min), 5,524,472 states left on queue.
Progress(23) at 2026-05-08 19:40:19: 198,542,938 states generated (2,033,209 s/min), 17,939,686 distinct states found (209,275 ds/min), 5,562,418 states left on queue.
Progress(23) at 2026-05-08 19:41:19: 199,527,099 states generated (984,161 s/min), 18,051,330 distinct states found (111,644 ds/min), 5,599,712 states left on queue.
Progress(23) at 2026-05-08 19:42:19: 201,369,282 states generated (1,842,183 s/min), 18,232,600 distinct states found (181,270 ds/min), 5,639,078 states left on queue.
Progress(23) at 2026-05-08 19:43:19: 203,457,805 states generated (2,088,523 s/min), 18,434,215 distinct states found (201,615 ds/min), 5,684,649 states left on queue.
Progress(23) at 2026-05-08 19:44:19: 205,533,481 states generated (2,075,676 s/min), 18,632,088 distinct states found (197,873 ds/min), 5,729,586 states left on queue.
Progress(23) at 2026-05-08 19:45:19: 206,992,121 states generated (1,458,640 s/min), 18,771,839 distinct states found (139,751 ds/min), 5,769,526 states left on queue.
Progress(23) at 2026-05-08 19:46:19: 208,583,407 states generated (1,591,286 s/min), 18,918,682 distinct states found (146,843 ds/min), 5,807,538 states left on queue.
Progress(23) at 2026-05-08 19:47:19: 209,820,683 states generated (1,237,276 s/min), 19,029,961 distinct states found (111,279 ds/min), 5,835,503 states left on queue.
Progress(23) at 2026-05-08 19:48:19: 211,192,102 states generated (1,371,419 s/min), 19,149,663 distinct states found (119,702 ds/min), 5,863,911 states left on queue.
Progress(23) at 2026-05-08 19:49:19: 213,346,620 states generated (2,154,518 s/min), 19,323,359 distinct states found (173,696 ds/min), 5,895,658 states left on queue.
Progress(23) at 2026-05-08 19:50:19: 215,415,431 states generated (2,068,811 s/min), 19,508,574 distinct states found (185,215 ds/min), 5,925,750 states left on queue.
Progress(23) at 2026-05-08 19:51:19: 217,182,631 states generated (1,767,200 s/min), 19,689,469 distinct states found (180,895 ds/min), 5,957,997 states left on queue.
Progress(23) at 2026-05-08 19:52:19: 219,460,532 states generated (2,277,901 s/min), 19,905,944 distinct states found (216,475 ds/min), 5,989,291 states left on queue.
Progress(23) at 2026-05-08 19:53:19: 221,403,121 states generated (1,942,589 s/min), 20,086,905 distinct states found (180,961 ds/min), 6,018,985 states left on queue.
Progress(23) at 2026-05-08 19:54:19: 224,063,536 states generated (2,660,415 s/min), 20,310,385 distinct states found (223,480 ds/min), 6,042,433 states left on queue.
Progress(23) at 2026-05-08 19:55:19: 226,231,001 states generated (2,167,465 s/min), 20,481,509 distinct states found (171,124 ds/min), 6,070,860 states left on queue.
Progress(23) at 2026-05-08 19:56:19: 228,603,450 states generated (2,372,449 s/min), 20,699,781 distinct states found (218,272 ds/min), 6,099,668 states left on queue.
Progress(23) at 2026-05-08 19:57:19: 231,098,368 states generated (2,494,918 s/min), 20,905,223 distinct states found (205,442 ds/min), 6,118,639 states left on queue.
Progress(23) at 2026-05-08 19:58:19: 234,256,852 states generated (3,158,484 s/min), 21,145,979 distinct states found (240,756 ds/min), 6,135,011 states left on queue.
Progress(23) at 2026-05-08 19:59:19: 235,876,042 states generated (1,619,190 s/min), 21,329,366 distinct states found (183,387 ds/min), 6,186,110 states left on queue.
Progress(23) at 2026-05-08 20:00:19: 236,945,325 states generated (1,069,283 s/min), 21,445,102 distinct states found (115,736 ds/min), 6,220,184 states left on queue.
Progress(23) at 2026-05-08 20:01:19: 238,766,846 states generated (1,821,521 s/min), 21,622,056 distinct states found (176,954 ds/min), 6,260,115 states left on queue.
Progress(23) at 2026-05-08 20:02:19: 240,703,130 states generated (1,936,284 s/min), 21,811,144 distinct states found (189,088 ds/min), 6,305,955 states left on queue.
Progress(23) at 2026-05-08 20:03:19: 242,536,086 states generated (1,832,956 s/min), 21,987,265 distinct states found (176,121 ds/min), 6,349,780 states left on queue.
Progress(23) at 2026-05-08 20:04:19: 244,088,339 states generated (1,552,253 s/min), 22,137,673 distinct states found (150,408 ds/min), 6,390,233 states left on queue.
Progress(23) at 2026-05-08 20:05:19: 245,483,319 states generated (1,394,980 s/min), 22,267,066 distinct states found (129,393 ds/min), 6,424,588 states left on queue.
Progress(23) at 2026-05-08 20:06:19: 246,686,486 states generated (1,203,167 s/min), 22,376,308 distinct states found (109,242 ds/min), 6,452,408 states left on queue.
Checkpointing of run states/26-05-08-18-37-16
Checkpointing completed at (2026-05-08 20:07:20)
Progress(23) at 2026-05-08 20:07:20: 248,238,809 states generated (1,552,323 s/min), 22,506,796 distinct states found (130,488 ds/min), 6,477,243 states left on queue.
Progress(23) at 2026-05-08 20:08:20: 249,823,992 states generated (1,585,183 s/min), 22,636,378 distinct states found (129,582 ds/min), 6,503,541 states left on queue.
Progress(23) at 2026-05-08 20:09:20: 251,515,579 states generated (1,691,587 s/min), 22,767,732 distinct states found (131,354 ds/min), 6,524,163 states left on queue.
Progress(23) at 2026-05-08 20:10:20: 253,906,220 states generated (2,390,641 s/min), 22,952,585 distinct states found (184,853 ds/min), 6,557,512 states left on queue.
Progress(23) at 2026-05-08 20:11:20: 256,487,805 states generated (2,581,585 s/min), 23,145,277 distinct states found (192,692 ds/min), 6,581,608 states left on queue.
Progress(23) at 2026-05-08 20:12:20: 258,757,965 states generated (2,270,160 s/min), 23,356,172 distinct states found (210,895 ds/min), 6,610,733 states left on queue.
Progress(23) at 2026-05-08 20:13:20: 261,344,890 states generated (2,586,925 s/min), 23,564,433 distinct states found (208,261 ds/min), 6,629,369 states left on queue.
Progress(23) at 2026-05-08 20:14:20: 264,052,725 states generated (2,707,835 s/min), 23,766,956 distinct states found (202,523 ds/min), 6,651,003 states left on queue.
Progress(23) at 2026-05-08 20:15:20: 267,002,217 states generated (2,949,492 s/min), 24,000,464 distinct states found (233,508 ds/min), 6,671,603 states left on queue.
Progress(23) at 2026-05-08 20:16:20: 270,290,620 states generated (3,288,403 s/min), 24,251,552 distinct states found (251,088 ds/min), 6,694,632 states left on queue.
Progress(24) at 2026-05-08 20:17:20: 273,246,836 states generated (2,956,216 s/min), 24,499,747 distinct states found (248,195 ds/min), 6,705,125 states left on queue.
Progress(24) at 2026-05-08 20:18:20: 274,795,719 states generated (1,548,883 s/min), 24,668,331 distinct states found (168,584 ds/min), 6,739,590 states left on queue.
Progress(24) at 2026-05-08 20:19:20: 275,766,474 states generated (970,755 s/min), 24,778,223 distinct states found (109,892 ds/min), 6,770,148 states left on queue.
Progress(24) at 2026-05-08 20:20:20: 276,653,461 states generated (886,987 s/min), 24,871,371 distinct states found (93,148 ds/min), 6,792,138 states left on queue.
Progress(24) at 2026-05-08 20:21:20: 278,543,779 states generated (1,890,318 s/min), 25,052,511 distinct states found (181,140 ds/min), 6,820,917 states left on queue.
Progress(24) at 2026-05-08 20:22:20: 280,423,049 states generated (1,879,270 s/min), 25,227,615 distinct states found (175,104 ds/min), 6,850,049 states left on queue.
Progress(24) at 2026-05-08 20:23:20: 282,322,897 states generated (1,899,848 s/min), 25,407,502 distinct states found (179,887 ds/min), 6,881,477 states left on queue.
Progress(24) at 2026-05-08 20:24:20: 284,017,849 states generated (1,694,952 s/min), 25,570,399 distinct states found (162,897 ds/min), 6,913,549 states left on queue.
Progress(24) at 2026-05-08 20:25:20: 285,360,055 states generated (1,342,206 s/min), 25,696,223 distinct states found (125,824 ds/min), 6,941,675 states left on queue.
Progress(24) at 2026-05-08 20:26:20: 286,774,713 states generated (1,414,658 s/min), 25,825,980 distinct states found (129,757 ds/min), 6,968,377 states left on queue.
Progress(24) at 2026-05-08 20:27:20: 288,045,372 states generated (1,270,659 s/min), 25,942,753 distinct states found (116,773 ds/min), 6,994,038 states left on queue.
Progress(24) at 2026-05-08 20:28:20: 289,185,806 states generated (1,140,434 s/min), 26,041,261 distinct states found (98,508 ds/min), 7,013,012 states left on queue.
Progress(24) at 2026-05-08 20:29:20: 290,359,172 states generated (1,173,366 s/min), 26,145,225 distinct states found (103,964 ds/min), 7,033,869 states left on queue.
Progress(24) at 2026-05-08 20:30:20: 292,009,631 states generated (1,650,459 s/min), 26,279,361 distinct states found (134,136 ds/min), 7,052,990 states left on queue.
Progress(24) at 2026-05-08 20:31:20: 293,996,185 states generated (1,986,554 s/min), 26,436,962 distinct states found (157,601 ds/min), 7,074,646 states left on queue.
Progress(24) at 2026-05-08 20:32:20: 295,764,589 states generated (1,768,404 s/min), 26,598,488 distinct states found (161,526 ds/min), 7,094,177 states left on queue.
Progress(24) at 2026-05-08 20:33:20: 297,333,061 states generated (1,568,472 s/min), 26,759,840 distinct states found (161,352 ds/min), 7,117,020 states left on queue.
Progress(24) at 2026-05-08 20:34:20: 299,386,782 states generated (2,053,721 s/min), 26,954,098 distinct states found (194,258 ds/min), 7,136,372 states left on queue.
Progress(24) at 2026-05-08 20:35:20: 301,301,900 states generated (1,915,118 s/min), 27,129,230 distinct states found (175,132 ds/min), 7,154,422 states left on queue.
Progress(24) at 2026-05-08 20:36:20: 303,079,899 states generated (1,777,999 s/min), 27,291,649 distinct states found (162,419 ds/min), 7,173,581 states left on queue.
Checkpointing of run states/26-05-08-18-37-16
Checkpointing completed at (2026-05-08 20:37:20)
Progress(24) at 2026-05-08 20:37:20: 305,645,121 states generated (2,565,222 s/min), 27,503,969 distinct states found (212,320 ds/min), 7,184,965 states left on queue.
Progress(24) at 2026-05-08 20:38:20: 307,806,651 states generated (2,161,530 s/min), 27,673,789 distinct states found (169,820 ds/min), 7,205,503 states left on queue.
Progress(24) at 2026-05-08 20:39:20: 309,940,268 states generated (2,133,617 s/min), 27,862,148 distinct states found (188,359 ds/min), 7,220,468 states left on queue.
Progress(24) at 2026-05-08 20:40:20: 311,552,553 states generated (1,612,285 s/min), 28,009,773 distinct states found (147,625 ds/min), 7,238,075 states left on queue.
Progress(24) at 2026-05-08 20:41:20: 314,259,203 states generated (2,706,650 s/min), 28,221,852 distinct states found (212,079 ds/min), 7,241,329 states left on queue.
Progress(24) at 2026-05-08 20:42:20: 317,014,225 states generated (2,755,022 s/min), 28,445,015 distinct states found (223,163 ds/min), 7,254,572 states left on queue.
Progress(24) at 2026-05-08 20:43:20: 318,381,532 states generated (1,367,307 s/min), 28,597,355 distinct states found (152,340 ds/min), 7,289,907 states left on queue.
Progress(24) at 2026-05-08 20:44:20: 319,345,461 states generated (963,929 s/min), 28,703,894 distinct states found (106,539 ds/min), 7,317,703 states left on queue.
Progress(24) at 2026-05-08 20:45:20: 320,363,283 states generated (1,017,822 s/min), 28,807,247 distinct states found (103,353 ds/min), 7,339,635 states left on queue.
Progress(24) at 2026-05-08 20:46:20: 322,170,708 states generated (1,807,425 s/min), 28,979,932 distinct states found (172,685 ds/min), 7,369,571 states left on queue.
Progress(24) at 2026-05-08 20:47:20: 324,038,137 states generated (1,867,429 s/min), 29,155,068 distinct states found (175,136 ds/min), 7,400,400 states left on queue.
Progress(24) at 2026-05-08 20:48:20: 325,498,573 states generated (1,460,436 s/min), 29,294,255 distinct states found (139,187 ds/min), 7,428,953 states left on queue.
Progress(24) at 2026-05-08 20:49:20: 327,243,874 states generated (1,745,301 s/min), 29,461,304 distinct states found (167,049 ds/min), 7,461,399 states left on queue.
Progress(24) at 2026-05-08 20:50:20: 328,679,560 states generated (1,435,686 s/min), 29,597,311 distinct states found (136,007 ds/min), 7,490,442 states left on queue.
Progress(24) at 2026-05-08 20:51:20: 329,960,333 states generated (1,280,773 s/min), 29,718,140 distinct states found (120,829 ds/min), 7,517,164 states left on queue.
Progress(24) at 2026-05-08 20:52:20: 331,147,947 states generated (1,187,614 s/min), 29,825,603 distinct states found (107,463 ds/min), 7,539,461 states left on queue.
Progress(24) at 2026-05-08 20:53:20: 332,249,176 states generated (1,101,229 s/min), 29,923,750 distinct states found (98,147 ds/min), 7,559,734 states left on queue.
Progress(24) at 2026-05-08 20:54:20: 333,473,311 states generated (1,224,135 s/min), 30,028,582 distinct states found (104,832 ds/min), 7,578,374 states left on queue.
Progress(24) at 2026-05-08 20:55:20: 335,794,339 states generated (2,321,028 s/min), 30,217,466 distinct states found (188,884 ds/min), 7,603,015 states left on queue.
Progress(24) at 2026-05-08 20:56:20: 337,417,883 states generated (1,623,544 s/min), 30,342,639 distinct states found (125,173 ds/min), 7,621,631 states left on queue.
Progress(24) at 2026-05-08 20:57:20: 339,922,193 states generated (2,504,310 s/min), 30,539,390 distinct states found (196,751 ds/min), 7,643,869 states left on queue.
Progress(24) at 2026-05-08 20:58:20: 341,785,190 states generated (1,862,997 s/min), 30,678,530 distinct states found (139,140 ds/min), 7,661,326 states left on queue.
Progress(24) at 2026-05-08 20:59:20: 344,267,154 states generated (2,481,964 s/min), 30,875,240 distinct states found (196,710 ds/min), 7,675,040 states left on queue.
Progress(24) at 2026-05-08 21:00:20: 346,316,634 states generated (2,049,480 s/min), 31,061,462 distinct states found (186,222 ds/min), 7,693,034 states left on queue.
Progress(24) at 2026-05-08 21:01:20: 348,709,103 states generated (2,392,469 s/min), 31,253,128 distinct states found (191,666 ds/min), 7,701,882 states left on queue.
Progress(24) at 2026-05-08 21:02:20: 351,198,983 states generated (2,489,880 s/min), 31,442,114 distinct states found (188,986 ds/min), 7,713,180 states left on queue.
Progress(24) at 2026-05-08 21:03:20: 353,894,437 states generated (2,695,454 s/min), 31,649,056 distinct states found (206,942 ds/min), 7,719,503 states left on queue.
Progress(24) at 2026-05-08 21:04:20: 356,655,641 states generated (2,761,204 s/min), 31,856,966 distinct states found (207,910 ds/min), 7,726,039 states left on queue.
Progress(24) at 2026-05-08 21:05:20: 359,496,765 states generated (2,841,124 s/min), 32,088,426 distinct states found (231,460 ds/min), 7,751,756 states left on queue.
Progress(25) at 2026-05-08 21:06:20: 361,630,610 states generated (2,133,845 s/min), 32,279,003 distinct states found (190,577 ds/min), 7,748,902 states left on queue.
Checkpointing of run states/26-05-08-18-37-16
Checkpointing completed at (2026-05-08 21:07:20)
Progress(25) at 2026-05-08 21:07:20: 363,057,442 states generated (1,426,832 s/min), 32,429,629 distinct states found (150,626 ds/min), 7,772,891 states left on queue.
Progress(25) at 2026-05-08 21:08:20: 364,003,513 states generated (946,071 s/min), 32,538,594 distinct states found (108,965 ds/min), 7,798,156 states left on queue.
Progress(25) at 2026-05-08 21:09:20: 364,817,250 states generated (813,737 s/min), 32,625,928 distinct states found (87,334 ds/min), 7,817,299 states left on queue.
Progress(25) at 2026-05-08 21:10:20: 365,678,639 states generated (861,389 s/min), 32,710,419 distinct states found (84,491 ds/min), 7,831,508 states left on queue.
Progress(25) at 2026-05-08 21:11:20: 367,438,910 states generated (1,760,271 s/min), 32,874,600 distinct states found (164,181 ds/min), 7,848,816 states left on queue.
Progress(25) at 2026-05-08 21:12:20: 369,226,600 states generated (1,787,690 s/min), 33,042,123 distinct states found (167,523 ds/min), 7,869,915 states left on queue.
Progress(25) at 2026-05-08 21:13:20: 371,056,863 states generated (1,830,263 s/min), 33,212,535 distinct states found (170,412 ds/min), 7,890,804 states left on queue.
Progress(25) at 2026-05-08 21:14:20: 372,720,472 states generated (1,663,609 s/min), 33,366,687 distinct states found (154,152 ds/min), 7,911,199 states left on queue.
Progress(25) at 2026-05-08 21:15:20: 374,159,663 states generated (1,439,191 s/min), 33,504,695 distinct states found (138,008 ds/min), 7,932,847 states left on queue.
Progress(25) at 2026-05-08 21:16:20: 375,470,271 states generated (1,310,608 s/min), 33,625,381 distinct states found (120,686 ds/min), 7,953,482 states left on queue.
Progress(25) at 2026-05-08 21:17:20: 376,599,290 states generated (1,129,019 s/min), 33,732,554 distinct states found (107,173 ds/min), 7,974,228 states left on queue.
Progress(25) at 2026-05-08 21:18:20: 377,978,683 states generated (1,379,393 s/min), 33,855,721 distinct states found (123,167 ds/min), 7,992,529 states left on queue.
Progress(25) at 2026-05-08 21:19:20: 379,055,490 states generated (1,076,807 s/min), 33,955,144 distinct states found (99,423 ds/min), 8,011,318 states left on queue.
Progress(25) at 2026-05-08 21:20:20: 380,033,086 states generated (977,596 s/min), 34,040,245 distinct states found (85,101 ds/min), 8,024,912 states left on queue.
Progress(25) at 2026-05-08 21:21:20: 381,034,561 states generated (1,001,475 s/min), 34,126,746 distinct states found (86,501 ds/min), 8,038,863 states left on queue.
Progress(25) at 2026-05-08 21:22:20: 382,269,497 states generated (1,234,936 s/min), 34,232,608 distinct states found (105,862 ds/min), 8,053,602 states left on queue.
Progress(25) at 2026-05-08 21:23:20: 383,914,676 states generated (1,645,179 s/min), 34,364,962 distinct states found (132,354 ds/min), 8,065,942 states left on queue.
Progress(25) at 2026-05-08 21:24:20: 385,653,394 states generated (1,738,718 s/min), 34,502,339 distinct states found (137,377 ds/min), 8,080,117 states left on queue.
Progress(25) at 2026-05-08 21:25:20: 387,305,275 states generated (1,651,881 s/min), 34,643,284 distinct states found (140,945 ds/min), 8,090,414 states left on queue.
Progress(25) at 2026-05-08 21:26:20: 388,799,766 states generated (1,494,491 s/min), 34,798,115 distinct states found (154,831 ds/min), 8,107,457 states left on queue.
Progress(25) at 2026-05-08 21:27:20: 390,366,740 states generated (1,566,974 s/min), 34,948,145 distinct states found (150,030 ds/min), 8,119,000 states left on queue.
Progress(25) at 2026-05-08 21:28:20: 392,338,952 states generated (1,972,212 s/min), 35,129,830 distinct states found (181,685 ds/min), 8,127,854 states left on queue.
Progress(25) at 2026-05-08 21:29:20: 394,105,305 states generated (1,766,353 s/min), 35,288,716 distinct states found (158,886 ds/min), 8,136,140 states left on queue.
Progress(25) at 2026-05-08 21:30:20: 395,706,971 states generated (1,601,666 s/min), 35,434,759 distinct states found (146,043 ds/min), 8,148,318 states left on queue.
Progress(25) at 2026-05-08 21:31:20: 398,012,780 states generated (2,305,809 s/min), 35,623,778 distinct states found (189,019 ds/min), 8,148,924 states left on queue.
Progress(25) at 2026-05-08 21:32:20: 400,147,315 states generated (2,134,535 s/min), 35,794,688 distinct states found (170,910 ds/min), 8,159,922 states left on queue.
Progress(25) at 2026-05-08 21:33:20: 401,936,232 states generated (1,788,917 s/min), 35,941,538 distinct states found (146,850 ds/min), 8,168,025 states left on queue.
Progress(25) at 2026-05-08 21:34:20: 403,822,503 states generated (1,886,271 s/min), 36,114,240 distinct states found (172,702 ds/min), 8,177,551 states left on queue.
Progress(25) at 2026-05-08 21:35:20: 405,649,118 states generated (1,826,615 s/min), 36,266,721 distinct states found (152,481 ds/min), 8,182,039 states left on queue.
Progress(25) at 2026-05-08 21:36:20: 408,097,997 states generated (2,448,879 s/min), 36,456,344 distinct states found (189,623 ds/min), 8,178,482 states left on queue.
Checkpointing of run states/26-05-08-18-37-16
Checkpointing completed at (2026-05-08 21:37:20)
Progress(25) at 2026-05-08 21:37:20: 410,288,586 states generated (2,190,589 s/min), 36,644,410 distinct states found (188,066 ds/min), 8,185,943 states left on queue.
Progress(25) at 2026-05-08 21:38:20: 411,615,653 states generated (1,327,067 s/min), 36,788,216 distinct states found (143,806 ds/min), 8,211,461 states left on queue.
Progress(25) at 2026-05-08 21:39:20: 412,553,020 states generated (937,367 s/min), 36,892,910 distinct states found (104,694 ds/min), 8,234,635 states left on queue.
Progress(25) at 2026-05-08 21:40:20: 413,372,950 states generated (819,930 s/min), 36,979,714 distinct states found (86,804 ds/min), 8,253,134 states left on queue.
Progress(25) at 2026-05-08 21:41:20: 414,355,612 states generated (982,662 s/min), 37,075,225 distinct states found (95,511 ds/min), 8,267,810 states left on queue.
Progress(25) at 2026-05-08 21:42:20: 416,056,331 states generated (1,700,719 s/min), 37,235,645 distinct states found (160,420 ds/min), 8,287,419 states left on queue.
Progress(25) at 2026-05-08 21:43:20: 417,710,180 states generated (1,653,849 s/min), 37,386,960 distinct states found (151,315 ds/min), 8,307,034 states left on queue.
Progress(25) at 2026-05-08 21:44:20: 419,247,314 states generated (1,537,134 s/min), 37,533,950 distinct states found (146,990 ds/min), 8,328,974 states left on queue.
Progress(25) at 2026-05-08 21:45:20: 420,597,976 states generated (1,350,662 s/min), 37,658,941 distinct states found (124,991 ds/min), 8,348,477 states left on queue.
Progress(25) at 2026-05-08 21:46:20: 422,235,372 states generated (1,637,396 s/min), 37,814,883 distinct states found (155,942 ds/min), 8,371,676 states left on queue.
Progress(25) at 2026-05-08 21:47:20: 423,624,227 states generated (1,388,855 s/min), 37,943,716 distinct states found (128,833 ds/min), 8,392,157 states left on queue.
Progress(25) at 2026-05-08 21:48:20: 424,782,901 states generated (1,158,674 s/min), 38,054,957 distinct states found (111,241 ds/min), 8,412,427 states left on queue.
Progress(25) at 2026-05-08 21:49:20: 425,928,257 states generated (1,145,356 s/min), 38,161,198 distinct states found (106,241 ds/min), 8,431,491 states left on queue.
Progress(25) at 2026-05-08 21:50:20: 427,061,387 states generated (1,133,130 s/min), 38,262,376 distinct states found (101,178 ds/min), 8,448,191 states left on queue.
Progress(25) at 2026-05-08 21:51:20: 428,168,175 states generated (1,106,788 s/min), 38,358,837 distinct states found (96,461 ds/min), 8,463,424 states left on queue.
Progress(25) at 2026-05-08 21:52:20: 429,072,372 states generated (904,197 s/min), 38,439,303 distinct states found (80,466 ds/min), 8,477,591 states left on queue.
Progress(25) at 2026-05-08 21:53:20: 430,465,386 states generated (1,393,014 s/min), 38,553,524 distinct states found (114,221 ds/min), 8,488,722 states left on queue.
Progress(25) at 2026-05-08 21:54:20: 432,544,197 states generated (2,078,811 s/min), 38,723,503 distinct states found (169,979 ds/min), 8,504,524 states left on queue.
Progress(25) at 2026-05-08 21:55:20: 433,836,003 states generated (1,291,806 s/min), 38,824,897 distinct states found (101,394 ds/min), 8,519,046 states left on queue.
Progress(25) at 2026-05-08 21:56:20: 436,152,489 states generated (2,316,486 s/min), 39,004,590 distinct states found (179,693 ds/min), 8,527,857 states left on queue.
Progress(25) at 2026-05-08 21:57:20: 437,937,717 states generated (1,785,228 s/min), 39,141,588 distinct states found (136,998 ds/min), 8,542,576 states left on queue.
Progress(25) at 2026-05-08 21:58:20: 439,761,317 states generated (1,823,600 s/min), 39,278,034 distinct states found (136,446 ds/min), 8,552,323 states left on queue.
Progress(25) at 2026-05-08 21:59:20: 441,953,342 states generated (2,192,025 s/min), 39,458,711 distinct states found (180,677 ds/min), 8,556,170 states left on queue.
Progress(25) at 2026-05-08 22:00:20: 443,812,368 states generated (1,859,026 s/min), 39,625,669 distinct states found (166,958 ds/min), 8,565,145 states left on queue.
Progress(25) at 2026-05-08 22:01:20: 445,879,272 states generated (2,066,904 s/min), 39,791,214 distinct states found (165,545 ds/min), 8,567,007 states left on queue.
Progress(25) at 2026-05-08 22:02:20: 448,265,719 states generated (2,386,447 s/min), 39,973,131 distinct states found (181,917 ds/min), 8,565,343 states left on queue.
Progress(25) at 2026-05-08 22:03:20: 450,473,627 states generated (2,207,908 s/min), 40,138,475 distinct states found (165,344 ds/min), 8,568,087 states left on queue.
Progress(25) at 2026-05-08 22:04:20: 452,638,356 states generated (2,164,729 s/min), 40,312,912 distinct states found (174,437 ds/min), 8,571,849 states left on queue.
Progress(25) at 2026-05-08 22:05:20: 455,505,169 states generated (2,866,813 s/min), 40,539,176 distinct states found (226,264 ds/min), 8,575,342 states left on queue.
Progress(26) at 2026-05-08 22:06:20: 457,881,957 states generated (2,376,788 s/min), 40,731,794 distinct states found (192,618 ds/min), 8,581,909 states left on queue.
Checkpointing of run states/26-05-08-18-37-16
Checkpointing completed at (2026-05-08 22:07:20)
Progress(26) at 2026-05-08 22:07:20: 459,698,618 states generated (1,816,661 s/min), 40,902,538 distinct states found (170,744 ds/min), 8,581,318 states left on queue.
Progress(26) at 2026-05-08 22:08:20: 461,026,135 states generated (1,327,517 s/min), 41,040,974 distinct states found (138,436 ds/min), 8,598,225 states left on queue.
Progress(26) at 2026-05-08 22:09:20: 461,866,469 states generated (840,334 s/min), 41,138,737 distinct states found (97,763 ds/min), 8,617,754 states left on queue.
Progress(26) at 2026-05-08 22:10:20: 462,674,569 states generated (808,100 s/min), 41,221,582 distinct states found (82,845 ds/min), 8,631,495 states left on queue.
Progress(26) at 2026-05-08 22:11:20: 463,296,536 states generated (621,967 s/min), 41,287,544 distinct states found (65,962 ds/min), 8,642,973 states left on queue.
Progress(26) at 2026-05-08 22:12:20: 464,143,006 states generated (846,470 s/min), 41,368,536 distinct states found (80,992 ds/min), 8,653,446 states left on queue.
Progress(26) at 2026-05-08 22:13:20: 465,713,869 states generated (1,570,863 s/min), 41,512,435 distinct states found (143,899 ds/min), 8,663,198 states left on queue.
Progress(26) at 2026-05-08 22:14:20: 467,512,926 states generated (1,799,057 s/min), 41,681,363 distinct states found (168,928 ds/min), 8,675,677 states left on queue.
Progress(26) at 2026-05-08 22:15:20: 469,121,918 states generated (1,608,992 s/min), 41,828,056 distinct states found (146,693 ds/min), 8,687,259 states left on queue.
Progress(26) at 2026-05-08 22:16:20: 470,709,212 states generated (1,587,294 s/min), 41,974,261 distinct states found (146,205 ds/min), 8,699,611 states left on queue.
Progress(26) at 2026-05-08 22:17:20: 472,434,441 states generated (1,725,229 s/min), 42,134,153 distinct states found (159,892 ds/min), 8,712,881 states left on queue.
Progress(26) at 2026-05-08 22:18:20: 473,530,166 states generated (1,095,725 s/min), 42,240,301 distinct states found (106,148 ds/min), 8,728,577 states left on queue.
Progress(26) at 2026-05-08 22:19:20: 474,748,844 states generated (1,218,678 s/min), 42,350,329 distinct states found (110,028 ds/min), 8,742,223 states left on queue.
Progress(26) at 2026-05-08 22:20:20: 475,724,317 states generated (975,473 s/min), 42,444,025 distinct states found (93,696 ds/min), 8,757,685 states left on queue.
Progress(26) at 2026-05-08 22:21:20: 476,903,362 states generated (1,179,045 s/min), 42,550,111 distinct states found (106,086 ds/min), 8,770,409 states left on queue.
Progress(26) at 2026-05-08 22:22:20: 478,158,345 states generated (1,254,983 s/min), 42,662,447 distinct states found (112,336 ds/min), 8,783,142 states left on queue.
Progress(26) at 2026-05-08 22:23:20: 479,104,880 states generated (946,535 s/min), 42,749,891 distinct states found (87,444 ds/min), 8,796,378 states left on queue.
Progress(26) at 2026-05-08 22:24:20: 480,018,443 states generated (913,563 s/min), 42,828,651 distinct states found (78,760 ds/min), 8,806,023 states left on queue.
Progress(26) at 2026-05-08 22:25:20: 480,958,751 states generated (940,308 s/min), 42,910,410 distinct states found (81,759 ds/min), 8,815,963 states left on queue.
Progress(26) at 2026-05-08 22:26:20: 482,015,184 states generated (1,056,433 s/min), 43,001,252 distinct states found (90,842 ds/min), 8,826,035 states left on queue.
Progress(26) at 2026-05-08 22:27:20: 483,118,112 states generated (1,102,928 s/min), 43,093,046 distinct states found (91,794 ds/min), 8,835,030 states left on queue.
Progress(26) at 2026-05-08 22:28:20: 484,671,535 states generated (1,553,423 s/min), 43,219,196 distinct states found (126,150 ds/min), 8,842,423 states left on queue.
Progress(26) at 2026-05-08 22:29:20: 486,191,894 states generated (1,520,359 s/min), 43,340,362 distinct states found (121,166 ds/min), 8,850,807 states left on queue.
Progress(26) at 2026-05-08 22:30:20: 487,713,321 states generated (1,521,427 s/min), 43,463,347 distinct states found (122,985 ds/min), 8,855,388 states left on queue.
Progress(26) at 2026-05-08 22:31:20: 489,118,111 states generated (1,404,790 s/min), 43,602,828 distinct states found (139,481 ds/min), 8,862,980 states left on queue.
Progress(26) at 2026-05-08 22:32:20: 490,479,981 states generated (1,361,870 s/min), 43,736,748 distinct states found (133,920 ds/min), 8,869,466 states left on queue.
Progress(26) at 2026-05-08 22:33:20: 492,251,330 states generated (1,771,349 s/min), 43,899,399 distinct states found (162,651 ds/min), 8,868,664 states left on queue.
Progress(26) at 2026-05-08 22:34:20: 493,922,615 states generated (1,671,285 s/min), 44,050,191 distinct states found (150,792 ds/min), 8,870,253 states left on queue.
Progress(26) at 2026-05-08 22:35:20: 495,478,225 states generated (1,555,610 s/min), 44,189,514 distinct states found (139,323 ds/min), 8,873,014 states left on queue.
Progress(26) at 2026-05-08 22:36:20: 496,941,210 states generated (1,462,985 s/min), 44,320,256 distinct states found (130,742 ds/min), 8,877,611 states left on queue.
Checkpointing of run states/26-05-08-18-37-16
Checkpointing completed at (2026-05-08 22:37:20)
Progress(26) at 2026-05-08 22:37:20: 499,071,583 states generated (2,130,373 s/min), 44,494,082 distinct states found (173,826 ds/min), 8,869,249 states left on queue.
Progress(26) at 2026-05-08 22:38:20: 501,029,838 states generated (1,958,255 s/min), 44,651,326 distinct states found (157,244 ds/min), 8,872,110 states left on queue.
Progress(26) at 2026-05-08 22:39:20: 502,546,874 states generated (1,517,036 s/min), 44,769,942 distinct states found (118,616 ds/min), 8,876,347 states left on queue.
Progress(26) at 2026-05-08 22:40:20: 504,406,453 states generated (1,859,579 s/min), 44,935,322 distinct states found (165,380 ds/min), 8,873,984 states left on queue.
Progress(26) at 2026-05-08 22:41:20: 505,881,565 states generated (1,475,112 s/min), 45,069,275 distinct states found (133,953 ds/min), 8,878,996 states left on queue.
Progress(26) at 2026-05-08 22:42:20: 508,041,026 states generated (2,159,461 s/min), 45,237,393 distinct states found (168,118 ds/min), 8,866,152 states left on queue.
Progress(26) at 2026-05-08 22:43:20: 510,265,422 states generated (2,224,396 s/min), 45,407,966 distinct states found (170,573 ds/min), 8,856,507 states left on queue.
Progress(26) at 2026-05-08 22:44:20: 511,925,073 states generated (1,659,651 s/min), 45,578,632 distinct states found (170,666 ds/min), 8,872,866 states left on queue.
Progress(26) at 2026-05-08 22:45:20: 513,029,470 states generated (1,104,397 s/min), 45,695,924 distinct states found (117,292 ds/min), 8,890,732 states left on queue.
Progress(26) at 2026-05-08 22:46:20: 513,915,623 states generated (886,153 s/min), 45,793,127 distinct states found (97,203 ds/min), 8,907,340 states left on queue.
Progress(26) at 2026-05-08 22:47:20: 514,699,973 states generated (784,350 s/min), 45,874,640 distinct states found (81,513 ds/min), 8,920,793 states left on queue.
Progress(26) at 2026-05-08 22:48:20: 515,543,504 states generated (843,531 s/min), 45,958,089 distinct states found (83,449 ds/min), 8,932,429 states left on queue.
Progress(26) at 2026-05-08 22:49:20: 516,462,563 states generated (919,059 s/min), 46,044,129 distinct states found (86,040 ds/min), 8,942,084 states left on queue.
Progress(26) at 2026-05-08 22:50:20: 518,040,662 states generated (1,578,099 s/min), 46,193,242 distinct states found (149,113 ds/min), 8,954,014 states left on queue.
Progress(26) at 2026-05-08 22:51:20: 519,568,141 states generated (1,527,479 s/min), 46,332,199 distinct states found (138,957 ds/min), 8,966,119 states left on queue.
Progress(26) at 2026-05-08 22:52:20: 521,093,293 states generated (1,525,152 s/min), 46,474,623 distinct states found (142,424 ds/min), 8,980,284 states left on queue.
Progress(26) at 2026-05-08 22:53:20: 522,263,286 states generated (1,169,993 s/min), 46,586,100 distinct states found (111,477 ds/min), 8,994,203 states left on queue.
Progress(26) at 2026-05-08 22:54:20: 523,656,071 states generated (1,392,785 s/min), 46,711,389 distinct states found (125,289 ds/min), 9,006,591 states left on queue.
Progress(26) at 2026-05-08 22:55:20: 525,106,288 states generated (1,450,217 s/min), 46,850,457 distinct states found (139,068 ds/min), 9,022,636 states left on queue.
Progress(26) at 2026-05-08 22:56:20: 526,349,056 states generated (1,242,768 s/min), 46,963,280 distinct states found (112,823 ds/min), 9,035,455 states left on queue.
Progress(26) at 2026-05-08 22:57:20: 527,469,881 states generated (1,120,825 s/min), 47,071,890 distinct states found (108,610 ds/min), 9,051,062 states left on queue.
Progress(26) at 2026-05-08 22:58:20: 528,551,235 states generated (1,081,354 s/min), 47,172,568 distinct states found (100,678 ds/min), 9,064,955 states left on queue.
Progress(26) at 2026-05-08 22:59:20: 529,543,011 states generated (991,776 s/min), 47,261,698 distinct states found (89,130 ds/min), 9,077,288 states left on queue.
Progress(26) at 2026-05-08 23:00:20: 530,622,083 states generated (1,079,072 s/min), 47,356,597 distinct states found (94,899 ds/min), 9,088,259 states left on queue.
Progress(26) at 2026-05-08 23:01:20: 531,679,458 states generated (1,057,375 s/min), 47,448,283 distinct states found (91,686 ds/min), 9,098,888 states left on queue.
Progress(26) at 2026-05-08 23:02:20: 532,488,164 states generated (808,706 s/min), 47,521,070 distinct states found (72,787 ds/min), 9,109,567 states left on queue.
Progress(26) at 2026-05-08 23:03:20: 533,448,832 states generated (960,668 s/min), 47,602,330 distinct states found (81,260 ds/min), 9,118,511 states left on queue.
Progress(26) at 2026-05-08 23:04:20: 535,171,270 states generated (1,722,438 s/min), 47,742,570 distinct states found (140,240 ds/min), 9,124,040 states left on queue.
Progress(26) at 2026-05-08 23:05:20: 536,788,362 states generated (1,617,092 s/min), 47,875,763 distinct states found (133,193 ds/min), 9,134,241 states left on queue.
Progress(26) at 2026-05-08 23:06:20: 537,999,329 states generated (1,210,967 s/min), 47,969,218 distinct states found (93,455 ds/min), 9,143,227 states left on queue.
Checkpointing of run states/26-05-08-18-37-16
Checkpointing completed at (2026-05-08 23:07:20)
Progress(26) at 2026-05-08 23:07:20: 540,117,353 states generated (2,118,024 s/min), 48,133,674 distinct states found (164,456 ds/min), 9,143,714 states left on queue.
Progress(26) at 2026-05-08 23:08:20: 541,809,496 states generated (1,692,143 s/min), 48,264,785 distinct states found (131,111 ds/min), 9,151,629 states left on queue.
Progress(26) at 2026-05-08 23:09:20: 543,224,704 states generated (1,415,208 s/min), 48,371,626 distinct states found (106,841 ds/min), 9,158,039 states left on queue.
Progress(26) at 2026-05-08 23:10:20: 545,097,764 states generated (1,873,060 s/min), 48,509,305 distinct states found (137,679 ds/min), 9,158,355 states left on queue.
Progress(26) at 2026-05-08 23:11:20: 547,123,653 states generated (2,025,889 s/min), 48,690,756 distinct states found (181,451 ds/min), 9,153,801 states left on queue.
Progress(26) at 2026-05-08 23:12:20: 548,631,675 states generated (1,508,022 s/min), 48,825,115 distinct states found (134,359 ds/min), 9,157,264 states left on queue.
Progress(26) at 2026-05-08 23:13:20: 550,795,801 states generated (2,164,126 s/min), 48,993,257 distinct states found (168,142 ds/min), 9,146,331 states left on queue.
Progress(26) at 2026-05-08 23:14:20: 552,827,754 states generated (2,031,953 s/min), 49,148,527 distinct states found (155,270 ds/min), 9,143,724 states left on queue.
Progress(26) at 2026-05-08 23:15:20: 554,870,492 states generated (2,042,738 s/min), 49,301,556 distinct states found (153,029 ds/min), 9,135,967 states left on queue.
Progress(26) at 2026-05-08 23:16:20: 556,798,943 states generated (1,928,451 s/min), 49,454,492 distinct states found (152,936 ds/min), 9,132,337 states left on queue.
Progress(26) at 2026-05-08 23:17:20: 559,285,957 states generated (2,487,014 s/min), 49,654,496 distinct states found (200,004 ds/min), 9,127,933 states left on queue.
Progress(26) at 2026-05-08 23:18:20: 561,423,440 states generated (2,137,483 s/min), 49,826,387 distinct states found (171,891 ds/min), 9,135,031 states left on queue.
Progress(27) at 2026-05-08 23:19:20: 563,256,084 states generated (1,832,644 s/min), 49,994,022 distinct states found (167,635 ds/min), 9,122,623 states left on queue.
Progress(27) at 2026-05-08 23:20:20: 564,532,441 states generated (1,276,357 s/min), 50,125,270 distinct states found (131,248 ds/min), 9,132,454 states left on queue.
Progress(27) at 2026-05-08 23:21:20: 565,516,610 states generated (984,169 s/min), 50,232,496 distinct states found (107,226 ds/min), 9,144,873 states left on queue.
Progress(27) at 2026-05-08 23:22:20: 566,294,077 states generated (777,467 s/min), 50,316,230 distinct states found (83,734 ds/min), 9,157,602 states left on queue.
Progress(27) at 2026-05-08 23:23:20: 567,049,919 states generated (755,842 s/min), 50,393,752 distinct states found (77,522 ds/min), 9,168,572 states left on queue.
Progress(27) at 2026-05-08 23:24:20: 567,719,353 states generated (669,434 s/min), 50,464,611 distinct states found (70,859 ds/min), 9,179,260 states left on queue.
Progress(27) at 2026-05-08 23:25:20: 568,498,302 states generated (778,949 s/min), 50,538,773 distinct states found (74,162 ds/min), 9,186,437 states left on queue.
Progress(27) at 2026-05-08 23:26:20: 569,736,982 states generated (1,238,680 s/min), 50,652,090 distinct states found (113,317 ds/min), 9,189,935 states left on queue.
Progress(27) at 2026-05-08 23:27:20: 571,376,294 states generated (1,639,312 s/min), 50,804,902 distinct states found (152,812 ds/min), 9,194,236 states left on queue.
Progress(27) at 2026-05-08 23:28:20: 572,856,440 states generated (1,480,146 s/min), 50,937,074 distinct states found (132,172 ds/min), 9,197,923 states left on queue.
Progress(27) at 2026-05-08 23:29:20: 574,443,110 states generated (1,586,670 s/min), 51,084,341 distinct states found (147,267 ds/min), 9,203,418 states left on queue.
Progress(27) at 2026-05-08 23:30:20: 575,720,663 states generated (1,277,553 s/min), 51,196,639 distinct states found (112,298 ds/min), 9,205,773 states left on queue.
Progress(27) at 2026-05-08 23:31:20: 577,312,695 states generated (1,592,032 s/min), 51,345,251 distinct states found (148,612 ds/min), 9,212,351 states left on queue.
Progress(27) at 2026-05-08 23:32:20: 578,316,896 states generated (1,004,201 s/min), 51,442,634 distinct states found (97,383 ds/min), 9,222,898 states left on queue.
Progress(27) at 2026-05-08 23:33:20: 579,450,951 states generated (1,134,055 s/min), 51,546,444 distinct states found (103,810 ds/min), 9,231,626 states left on queue.
Progress(27) at 2026-05-08 23:34:20: 580,397,094 states generated (946,143 s/min), 51,635,446 distinct states found (89,002 ds/min), 9,242,603 states left on queue.
Progress(27) at 2026-05-08 23:35:20: 581,365,521 states generated (968,427 s/min), 51,725,390 distinct states found (89,944 ds/min), 9,252,811 states left on queue.
Progress(27) at 2026-05-08 23:36:20: 582,494,057 states generated (1,128,536 s/min), 51,825,029 distinct states found (99,639 ds/min), 9,260,464 states left on queue.
Checkpointing of run states/26-05-08-18-37-16
Checkpointing completed at (2026-05-08 23:37:20)
Progress(27) at 2026-05-08 23:37:20: 583,660,031 states generated (1,165,974 s/min), 51,930,092 distinct states found (105,063 ds/min), 9,268,229 states left on queue.
Progress(27) at 2026-05-08 23:38:20: 584,580,151 states generated (920,120 s/min), 52,014,606 distinct states found (84,514 ds/min), 9,278,134 states left on queue.
Progress(27) at 2026-05-08 23:39:20: 585,400,806 states generated (820,655 s/min), 52,087,514 distinct states found (72,908 ds/min), 9,285,022 states left on queue.
Progress(27) at 2026-05-08 23:40:20: 586,279,360 states generated (878,554 s/min), 52,162,938 distinct states found (75,424 ds/min), 9,291,924 states left on queue.
Progress(27) at 2026-05-08 23:41:20: 587,078,251 states generated (798,891 s/min), 52,233,881 distinct states found (70,943 ds/min), 9,299,370 states left on queue.
Progress(27) at 2026-05-08 23:42:20: 588,101,327 states generated (1,023,076 s/min), 52,321,609 distinct states found (87,728 ds/min), 9,305,546 states left on queue.
Progress(27) at 2026-05-08 23:43:20: 589,142,430 states generated (1,041,103 s/min), 52,407,966 distinct states found (86,357 ds/min), 9,310,443 states left on queue.
Progress(27) at 2026-05-08 23:44:20: 590,543,812 states generated (1,401,382 s/min), 52,522,178 distinct states found (114,212 ds/min), 9,312,505 states left on queue.
Progress(27) at 2026-05-08 23:45:20: 591,882,582 states generated (1,338,770 s/min), 52,629,720 distinct states found (107,542 ds/min), 9,316,490 states left on queue.
Progress(27) at 2026-05-08 23:46:20: 593,300,958 states generated (1,418,376 s/min), 52,740,609 distinct states found (110,889 ds/min), 9,318,777 states left on queue.
Progress(27) at 2026-05-08 23:47:20: 594,619,220 states generated (1,318,262 s/min), 52,862,150 distinct states found (121,541 ds/min), 9,317,978 states left on queue.
Progress(27) at 2026-05-08 23:48:20: 595,890,848 states generated (1,271,628 s/min), 52,990,660 distinct states found (128,510 ds/min), 9,320,790 states left on queue.
Progress(27) at 2026-05-08 23:49:20: 597,220,986 states generated (1,330,138 s/min), 53,114,697 distinct states found (124,037 ds/min), 9,318,666 states left on queue.
Progress(27) at 2026-05-08 23:50:20: 598,912,252 states generated (1,691,266 s/min), 53,268,051 distinct states found (153,354 ds/min), 9,311,202 states left on queue.
Progress(27) at 2026-05-08 23:51:20: 600,422,904 states generated (1,510,652 s/min), 53,401,797 distinct states found (133,746 ds/min), 9,306,371 states left on queue.
Progress(27) at 2026-05-08 23:52:20: 601,818,683 states generated (1,395,779 s/min), 53,525,922 distinct states found (124,125 ds/min), 9,304,694 states left on queue.
Progress(27) at 2026-05-08 23:53:20: 603,188,060 states generated (1,369,377 s/min), 53,647,447 distinct states found (121,525 ds/min), 9,302,731 states left on queue.
Progress(27) at 2026-05-08 23:54:20: 605,264,801 states generated (2,076,741 s/min), 53,814,988 distinct states found (167,541 ds/min), 9,286,223 states left on queue.
Progress(27) at 2026-05-08 23:55:20: 606,991,745 states generated (1,726,944 s/min), 53,952,640 distinct states found (137,652 ds/min), 9,284,624 states left on queue.
Progress(27) at 2026-05-08 23:56:20: 608,340,930 states generated (1,349,185 s/min), 54,058,625 distinct states found (105,985 ds/min), 9,284,295 states left on queue.
Progress(27) at 2026-05-08 23:57:20: 610,054,211 states generated (1,713,281 s/min), 54,209,320 distinct states found (150,695 ds/min), 9,275,329 states left on queue.
Progress(27) at 2026-05-08 23:58:20: 611,438,176 states generated (1,383,965 s/min), 54,334,501 distinct states found (125,181 ds/min), 9,274,750 states left on queue.
Progress(27) at 2026-05-08 23:59:20: 613,344,224 states generated (1,906,048 s/min), 54,484,643 distinct states found (150,142 ds/min), 9,256,966 states left on queue.
Progress(27) at 2026-05-09 00:00:20: 615,253,184 states generated (1,908,960 s/min), 54,631,777 distinct states found (147,134 ds/min), 9,244,136 states left on queue.
Progress(27) at 2026-05-09 00:01:20: 616,947,141 states generated (1,693,957 s/min), 54,797,105 distinct states found (165,328 ds/min), 9,248,245 states left on queue.
Progress(27) at 2026-05-09 00:02:20: 618,150,130 states generated (1,202,989 s/min), 54,921,393 distinct states found (124,288 ds/min), 9,258,951 states left on queue.
Progress(27) at 2026-05-09 00:03:20: 618,951,045 states generated (800,915 s/min), 55,010,642 distinct states found (89,249 ds/min), 9,271,943 states left on queue.
Progress(27) at 2026-05-09 00:04:20: 619,737,013 states generated (785,968 s/min), 55,094,811 distinct states found (84,169 ds/min), 9,283,693 states left on queue.
Progress(27) at 2026-05-09 00:05:20: 620,488,772 states generated (751,759 s/min), 55,171,689 distinct states found (76,878 ds/min), 9,294,415 states left on queue.
Progress(27) at 2026-05-09 00:06:20: 621,203,849 states generated (715,077 s/min), 55,243,596 distinct states found (71,907 ds/min), 9,303,805 states left on queue.
Checkpointing of run states/26-05-08-18-37-16
Checkpointing completed at (2026-05-09 00:07:20)
Progress(27) at 2026-05-09 00:07:20: 622,080,914 states generated (877,065 s/min), 55,325,982 distinct states found (82,386 ds/min), 9,309,563 states left on queue.
Progress(27) at 2026-05-09 00:08:20: 623,442,677 states generated (1,361,763 s/min), 55,454,588 distinct states found (128,606 ds/min), 9,316,022 states left on queue.
Progress(27) at 2026-05-09 00:09:20: 624,896,527 states generated (1,453,850 s/min), 55,582,607 distinct states found (128,019 ds/min), 9,319,088 states left on queue.
Progress(27) at 2026-05-09 00:10:20: 626,394,225 states generated (1,497,698 s/min), 55,721,437 distinct states found (138,830 ds/min), 9,325,797 states left on queue.
Progress(27) at 2026-05-09 00:11:20: 627,604,963 states generated (1,210,738 s/min), 55,835,651 distinct states found (114,214 ds/min), 9,333,963 states left on queue.
Progress(27) at 2026-05-09 00:12:20: 628,732,534 states generated (1,127,571 s/min), 55,939,884 distinct states found (104,233 ds/min), 9,341,614 states left on queue.
Progress(27) at 2026-05-09 00:13:20: 630,034,677 states generated (1,302,143 s/min), 56,056,980 distinct states found (117,096 ds/min), 9,348,596 states left on queue.
Progress(27) at 2026-05-09 00:14:20: 631,399,376 states generated (1,364,699 s/min), 56,186,234 distinct states found (129,254 ds/min), 9,357,113 states left on queue.
Progress(27) at 2026-05-09 00:15:20: 632,497,855 states generated (1,098,479 s/min), 56,287,801 distinct states found (101,567 ds/min), 9,365,516 states left on queue.
Progress(27) at 2026-05-09 00:16:20: 633,565,926 states generated (1,068,071 s/min), 56,387,290 distinct states found (99,489 ds/min), 9,374,221 states left on queue.
Progress(27) at 2026-05-09 00:17:20: 634,531,243 states generated (965,317 s/min), 56,478,108 distinct states found (90,818 ds/min), 9,383,457 states left on queue.
Progress(27) at 2026-05-09 00:18:20: 635,512,493 states generated (981,250 s/min), 56,569,951 distinct states found (91,843 ds/min), 9,393,404 states left on queue.
Progress(27) at 2026-05-09 00:19:20: 636,429,454 states generated (916,961 s/min), 56,652,741 distinct states found (82,790 ds/min), 9,402,078 states left on queue.
Progress(27) at 2026-05-09 00:20:20: 637,457,884 states generated (1,028,430 s/min), 56,742,614 distinct states found (89,873 ds/min), 9,409,295 states left on queue.
Progress(27) at 2026-05-09 00:21:20: 638,483,338 states generated (1,025,454 s/min), 56,832,623 distinct states found (90,009 ds/min), 9,415,913 states left on queue.
Progress(27) at 2026-05-09 00:22:20: 639,259,246 states generated (775,908 s/min), 56,901,958 distinct states found (69,335 ds/min), 9,423,862 states left on queue.
Progress(27) at 2026-05-09 00:23:20: 640,052,633 states generated (793,387 s/min), 56,971,777 distinct states found (69,819 ds/min), 9,431,578 states left on queue.
Progress(27) at 2026-05-09 00:24:20: 640,960,444 states generated (907,811 s/min), 57,047,355 distinct states found (75,578 ds/min), 9,436,508 states left on queue.
Progress(27) at 2026-05-09 00:25:20: 642,548,880 states generated (1,588,436 s/min), 57,177,034 distinct states found (129,679 ds/min), 9,435,690 states left on queue.
Progress(27) at 2026-05-09 00:26:20: 644,099,498 states generated (1,550,618 s/min), 57,304,520 distinct states found (127,486 ds/min), 9,439,277 states left on queue.
Progress(27) at 2026-05-09 00:27:20: 645,250,560 states generated (1,151,062 s/min), 57,396,095 distinct states found (91,575 ds/min), 9,445,140 states left on queue.
Progress(27) at 2026-05-09 00:28:20: 646,829,419 states generated (1,578,859 s/min), 57,517,721 distinct states found (121,626 ds/min), 9,442,052 states left on queue.
Progress(27) at 2026-05-09 00:29:20: 648,621,185 states generated (1,791,766 s/min), 57,659,063 distinct states found (141,342 ds/min), 9,441,565 states left on queue.
Progress(27) at 2026-05-09 00:30:20: 649,878,157 states generated (1,256,972 s/min), 57,755,259 distinct states found (96,196 ds/min), 9,446,286 states left on queue.
Progress(27) at 2026-05-09 00:31:20: 651,386,665 states generated (1,508,508 s/min), 57,869,451 distinct states found (114,192 ds/min), 9,444,885 states left on queue.
Progress(27) at 2026-05-09 00:32:20: 653,130,056 states generated (1,743,391 s/min), 58,005,295 distinct states found (135,844 ds/min), 9,436,375 states left on queue.
Progress(27) at 2026-05-09 00:33:20: 654,775,024 states generated (1,644,968 s/min), 58,155,879 distinct states found (150,584 ds/min), 9,430,831 states left on queue.
Progress(27) at 2026-05-09 00:34:20: 656,247,998 states generated (1,472,974 s/min), 58,280,352 distinct states found (124,473 ds/min), 9,425,385 states left on queue.
Progress(27) at 2026-05-09 00:35:20: 658,258,215 states generated (2,010,217 s/min), 58,435,866 distinct states found (155,514 ds/min), 9,408,624 states left on queue.
Progress(27) at 2026-05-09 00:36:20: 659,997,929 states generated (1,739,714 s/min), 58,569,416 distinct states found (133,550 ds/min), 9,403,475 states left on queue.
Checkpointing of run states/26-05-08-18-37-16
Checkpointing completed at (2026-05-09 00:37:20)
Progress(27) at 2026-05-09 00:37:20: 661,920,522 states generated (1,922,593 s/min), 58,714,706 distinct states found (145,290 ds/min), 9,388,216 states left on queue.
Progress(27) at 2026-05-09 00:38:20: 663,702,386 states generated (1,781,864 s/min), 58,855,035 distinct states found (140,329 ds/min), 9,379,280 states left on queue.
Progress(27) at 2026-05-09 00:39:20: 665,860,619 states generated (2,158,233 s/min), 59,033,953 distinct states found (178,918 ds/min), 9,371,691 states left on queue.
Progress(27) at 2026-05-09 00:40:20: 667,773,138 states generated (1,912,519 s/min), 59,189,079 distinct states found (155,126 ds/min), 9,372,336 states left on queue.
Progress(28) at 2026-05-09 00:41:20: 669,461,540 states generated (1,688,402 s/min), 59,340,486 distinct states found (151,407 ds/min), 9,356,401 states left on queue.
Progress(28) at 2026-05-09 00:42:20: 670,668,208 states generated (1,206,668 s/min), 59,464,225 distinct states found (123,739 ds/min), 9,360,497 states left on queue.
Progress(28) at 2026-05-09 00:43:20: 671,713,796 states generated (1,045,588 s/min), 59,572,900 distinct states found (108,675 ds/min), 9,366,058 states left on queue.
Progress(28) at 2026-05-09 00:44:20: 672,423,662 states generated (709,866 s/min), 59,653,683 distinct states found (80,783 ds/min), 9,377,459 states left on queue.
Progress(28) at 2026-05-09 00:45:20: 673,143,576 states generated (719,914 s/min), 59,728,350 distinct states found (74,667 ds/min), 9,385,523 states left on queue.
Progress(28) at 2026-05-09 00:46:20: 673,829,673 states generated (686,097 s/min), 59,800,414 distinct states found (72,064 ds/min), 9,393,338 states left on queue.
Progress(28) at 2026-05-09 00:47:20: 674,464,240 states generated (634,567 s/min), 59,864,923 distinct states found (64,509 ds/min), 9,400,082 states left on queue.
Progress(28) at 2026-05-09 00:48:20: 675,195,010 states generated (730,770 s/min), 59,932,961 distinct states found (68,038 ds/min), 9,403,758 states left on queue.
Progress(28) at 2026-05-09 00:49:20: 676,126,796 states generated (931,786 s/min), 60,017,803 distinct states found (84,842 ds/min), 9,404,356 states left on queue.
Progress(28) at 2026-05-09 00:50:20: 677,732,746 states generated (1,605,950 s/min), 60,164,151 distinct states found (146,348 ds/min), 9,399,010 states left on queue.
Progress(28) at 2026-05-09 00:51:20: 679,138,202 states generated (1,405,456 s/min), 60,292,600 distinct states found (128,449 ds/min), 9,398,617 states left on queue.
Progress(28) at 2026-05-09 00:52:20: 680,538,208 states generated (1,400,006 s/min), 60,417,166 distinct states found (124,566 ds/min), 9,396,208 states left on queue.
Progress(28) at 2026-05-09 00:53:20: 681,964,875 states generated (1,426,667 s/min), 60,548,163 distinct states found (130,997 ds/min), 9,395,665 states left on queue.
Progress(28) at 2026-05-09 00:54:20: 683,300,031 states generated (1,335,156 s/min), 60,670,331 distinct states found (122,168 ds/min), 9,396,151 states left on queue.
Progress(28) at 2026-05-09 00:55:20: 684,623,140 states generated (1,323,109 s/min), 60,792,805 distinct states found (122,474 ds/min), 9,397,650 states left on queue.
Progress(28) at 2026-05-09 00:56:20: 685,505,882 states generated (882,742 s/min), 60,878,707 distinct states found (85,902 ds/min), 9,404,401 states left on queue.
Progress(28) at 2026-05-09 00:57:20: 686,527,420 states generated (1,021,538 s/min), 60,971,588 distinct states found (92,881 ds/min), 9,409,112 states left on queue.
Progress(28) at 2026-05-09 00:58:20: 687,387,464 states generated (860,044 s/min), 61,054,010 distinct states found (82,422 ds/min), 9,416,970 states left on queue.
Progress(28) at 2026-05-09 00:59:20: 688,288,462 states generated (900,998 s/min), 61,136,808 distinct states found (82,798 ds/min), 9,423,667 states left on queue.
Progress(28) at 2026-05-09 01:00:20: 689,316,028 states generated (1,027,566 s/min), 61,229,377 distinct states found (92,569 ds/min), 9,427,607 states left on queue.
Progress(28) at 2026-05-09 01:01:20: 690,417,217 states generated (1,101,189 s/min), 61,327,994 distinct states found (98,617 ds/min), 9,430,161 states left on queue.
Progress(28) at 2026-05-09 01:02:20: 691,335,341 states generated (918,124 s/min), 61,412,377 distinct states found (84,383 ds/min), 9,437,150 states left on queue.
Progress(28) at 2026-05-09 01:03:20: 692,105,676 states generated (770,335 s/min), 61,482,675 distinct states found (70,298 ds/min), 9,442,285 states left on queue.
Progress(28) at 2026-05-09 01:04:20: 692,889,800 states generated (784,124 s/min), 61,550,394 distinct states found (67,719 ds/min), 9,445,704 states left on queue.
Progress(28) at 2026-05-09 01:05:20: 693,737,005 states generated (847,205 s/min), 61,622,126 distinct states found (71,732 ds/min), 9,448,667 states left on queue.
Progress(28) at 2026-05-09 01:06:20: 694,359,749 states generated (622,744 s/min), 61,677,737 distinct states found (55,611 ds/min), 9,452,533 states left on queue.
Progress(28) at 2026-05-09 01:07:20: 695,283,358 states generated (923,609 s/min), 61,757,320 distinct states found (79,583 ds/min), 9,455,173 states left on queue.
Checkpointing of run states/26-05-08-18-37-16
Checkpointing completed at (2026-05-09 01:08:20)
Progress(28) at 2026-05-09 01:08:20: 696,155,704 states generated (872,346 s/min), 61,832,731 distinct states found (75,411 ds/min), 9,458,932 states left on queue.
Progress(28) at 2026-05-09 01:09:20: 697,168,307 states generated (1,012,603 s/min), 61,913,390 distinct states found (80,659 ds/min), 9,458,143 states left on queue.
Progress(28) at 2026-05-09 01:10:20: 698,611,392 states generated (1,443,085 s/min), 62,033,175 distinct states found (119,785 ds/min), 9,456,616 states left on queue.
Progress(28) at 2026-05-09 01:11:20: 699,850,445 states generated (1,239,053 s/min), 62,131,448 distinct states found (98,273 ds/min), 9,456,022 states left on queue.
Progress(28) at 2026-05-09 01:12:20: 701,079,626 states generated (1,229,181 s/min), 62,231,728 distinct states found (100,280 ds/min), 9,453,408 states left on queue.
Progress(28) at 2026-05-09 01:13:20: 702,297,335 states generated (1,217,709 s/min), 62,347,884 distinct states found (116,156 ds/min), 9,449,496 states left on queue.
Progress(28) at 2026-05-09 01:14:20: 703,459,811 states generated (1,162,476 s/min), 62,462,365 distinct states found (114,481 ds/min), 9,446,848 states left on queue.
Progress(28) at 2026-05-09 01:15:20: 704,763,192 states generated (1,303,381 s/min), 62,581,813 distinct states found (119,448 ds/min), 9,439,507 states left on queue.
Progress(28) at 2026-05-09 01:16:20: 706,321,072 states generated (1,557,880 s/min), 62,722,214 distinct states found (140,401 ds/min), 9,427,640 states left on queue.
Progress(28) at 2026-05-09 01:17:20: 707,726,246 states generated (1,405,174 s/min), 62,843,881 distinct states found (121,667 ds/min), 9,417,379 states left on queue.
Progress(28) at 2026-05-09 01:18:20: 709,038,383 states generated (1,312,137 s/min), 62,962,093 distinct states found (118,212 ds/min), 9,412,015 states left on queue.
Progress(28) at 2026-05-09 01:19:20: 710,316,658 states generated (1,278,275 s/min), 63,072,892 distinct states found (110,799 ds/min), 9,404,968 states left on queue.
Progress(28) at 2026-05-09 01:20:20: 712,280,665 states generated (1,964,007 s/min), 63,231,401 distinct states found (158,509 ds/min), 9,384,136 states left on queue.
Progress(28) at 2026-05-09 01:21:20: 713,764,745 states generated (1,484,080 s/min), 63,349,356 distinct states found (117,955 ds/min), 9,379,788 states left on queue.
Progress(28) at 2026-05-09 01:22:20: 715,037,045 states generated (1,272,300 s/min), 63,451,431 distinct states found (102,075 ds/min), 9,374,383 states left on queue.
Progress(28) at 2026-05-09 01:23:20: 716,607,522 states generated (1,570,477 s/min), 63,588,813 distinct states found (137,382 ds/min), 9,361,226 states left on queue.
Progress(28) at 2026-05-09 01:24:20: 717,834,322 states generated (1,226,800 s/min), 63,700,102 distinct states found (111,289 ds/min), 9,357,439 states left on queue.
Progress(28) at 2026-05-09 01:25:20: 719,611,666 states generated (1,777,344 s/min), 63,839,762 distinct states found (139,660 ds/min), 9,336,600 states left on queue.
Progress(28) at 2026-05-09 01:26:20: 721,514,354 states generated (1,902,688 s/min), 63,988,922 distinct states found (149,160 ds/min), 9,317,575 states left on queue.
Progress(28) at 2026-05-09 01:27:20: 722,850,895 states generated (1,336,541 s/min), 64,127,803 distinct states found (138,881 ds/min), 9,320,433 states left on queue.
Progress(28) at 2026-05-09 01:28:20: 723,994,120 states generated (1,143,225 s/min), 64,243,288 distinct states found (115,485 ds/min), 9,324,672 states left on queue.
Progress(28) at 2026-05-09 01:29:20: 724,751,926 states generated (757,806 s/min), 64,327,861 distinct states found (84,573 ds/min), 9,334,943 states left on queue.
Progress(28) at 2026-05-09 01:30:20: 725,494,158 states generated (742,232 s/min), 64,408,192 distinct states found (80,331 ds/min), 9,343,582 states left on queue.
Progress(28) at 2026-05-09 01:31:20: 726,260,054 states generated (765,896 s/min), 64,483,564 distinct states found (75,372 ds/min), 9,350,624 states left on queue.
Progress(28) at 2026-05-09 01:32:20: 726,881,953 states generated (621,899 s/min), 64,551,006 distinct states found (67,442 ds/min), 9,358,303 states left on queue.
Progress(28) at 2026-05-09 01:33:20: 727,625,794 states generated (743,841 s/min), 64,621,726 distinct states found (70,720 ds/min), 9,363,058 states left on queue.
Progress(28) at 2026-05-09 01:34:20: 728,387,290 states generated (761,496 s/min), 64,692,816 distinct states found (71,090 ds/min), 9,365,317 states left on queue.
Progress(28) at 2026-05-09 01:35:20: 729,645,794 states generated (1,258,504 s/min), 64,810,086 distinct states found (117,270 ds/min), 9,365,368 states left on queue.
Progress(28) at 2026-05-09 01:36:20: 731,002,623 states generated (1,356,829 s/min), 64,930,130 distinct states found (120,044 ds/min), 9,363,696 states left on queue.
Progress(28) at 2026-05-09 01:37:20: 732,388,526 states generated (1,385,903 s/min), 65,056,171 distinct states found (126,041 ds/min), 9,363,319 states left on queue.
Checkpointing of run states/26-05-08-18-37-16
Checkpointing completed at (2026-05-09 01:38:20)
Progress(28) at 2026-05-09 01:38:20: 733,654,147 states generated (1,265,621 s/min), 65,173,730 distinct states found (117,559 ds/min), 9,365,576 states left on queue.
Progress(28) at 2026-05-09 01:39:20: 734,623,443 states generated (969,296 s/min), 65,267,328 distinct states found (93,598 ds/min), 9,370,740 states left on queue.
Progress(28) at 2026-05-09 01:40:20: 735,671,842 states generated (1,048,399 s/min), 65,360,398 distinct states found (93,070 ds/min), 9,374,006 states left on queue.
Progress(28) at 2026-05-09 01:41:20: 737,050,693 states generated (1,378,851 s/min), 65,486,086 distinct states found (125,688 ds/min), 9,374,041 states left on queue.
Progress(28) at 2026-05-09 01:42:20: 738,165,977 states generated (1,115,284 s/min), 65,592,594 distinct states found (106,508 ds/min), 9,379,442 states left on queue.
Progress(28) at 2026-05-09 01:43:20: 739,157,438 states generated (991,461 s/min), 65,682,330 distinct states found (89,736 ds/min), 9,383,160 states left on queue.
Progress(28) at 2026-05-09 01:44:20: 740,256,070 states generated (1,098,632 s/min), 65,785,996 distinct states found (103,666 ds/min), 9,388,656 states left on queue.
Progress(28) at 2026-05-09 01:45:20: 741,142,885 states generated (886,815 s/min), 65,869,561 distinct states found (83,565 ds/min), 9,394,084 states left on queue.
Progress(28) at 2026-05-09 01:46:20: 742,071,192 states generated (928,307 s/min), 65,957,341 distinct states found (87,780 ds/min), 9,400,442 states left on queue.
Progress(28) at 2026-05-09 01:47:20: 742,937,140 states generated (865,948 s/min), 66,035,860 distinct states found (78,519 ds/min), 9,405,708 states left on queue.
Progress(28) at 2026-05-09 01:48:20: 743,796,032 states generated (858,892 s/min), 66,111,095 distinct states found (75,235 ds/min), 9,410,506 states left on queue.
Progress(28) at 2026-05-09 01:49:20: 744,708,112 states generated (912,080 s/min), 66,191,608 distinct states found (80,513 ds/min), 9,413,759 states left on queue.
Progress(28) at 2026-05-09 01:50:20: 745,657,541 states generated (949,429 s/min), 66,273,942 distinct states found (82,334 ds/min), 9,416,448 states left on queue.
Progress(28) at 2026-05-09 01:51:20: 746,349,669 states generated (692,128 s/min), 66,335,756 distinct states found (61,814 ds/min), 9,421,322 states left on queue.
Progress(28) at 2026-05-09 01:52:20: 747,105,981 states generated (756,312 s/min), 66,401,192 distinct states found (65,436 ds/min), 9,425,775 states left on queue.
Progress(28) at 2026-05-09 01:53:20: 747,916,671 states generated (810,690 s/min), 66,469,462 distinct states found (68,270 ds/min), 9,427,945 states left on queue.
Progress(28) at 2026-05-09 01:54:20: 749,301,229 states generated (1,384,558 s/min), 66,583,261 distinct states found (113,799 ds/min), 9,422,413 states left on queue.
Progress(28) at 2026-05-09 01:55:20: 750,834,101 states generated (1,532,872 s/min), 66,709,507 distinct states found (126,246 ds/min), 9,419,703 states left on queue.
Progress(28) at 2026-05-09 01:56:20: 751,930,228 states generated (1,096,127 s/min), 66,797,247 distinct states found (87,740 ds/min), 9,421,980 states left on queue.
Progress(28) at 2026-05-09 01:57:20: 752,941,525 states generated (1,011,297 s/min), 66,875,198 distinct states found (77,951 ds/min), 9,422,149 states left on queue.
Progress(28) at 2026-05-09 01:58:20: 754,712,337 states generated (1,770,812 s/min), 67,014,886 distinct states found (139,688 ds/min), 9,411,795 states left on queue.
Progress(28) at 2026-05-09 01:59:20: 755,907,486 states generated (1,195,149 s/min), 67,109,886 distinct states found (95,000 ds/min), 9,411,206 states left on queue.
Progress(28) at 2026-05-09 02:00:20: 756,965,321 states generated (1,057,835 s/min), 67,190,623 distinct states found (80,737 ds/min), 9,412,932 states left on queue.
Progress(28) at 2026-05-09 02:01:20: 758,407,057 states generated (1,441,736 s/min), 67,301,222 distinct states found (110,599 ds/min), 9,407,495 states left on queue.
Progress(28) at 2026-05-09 02:02:20: 760,093,918 states generated (1,686,861 s/min), 67,438,802 distinct states found (137,580 ds/min), 9,391,558 states left on queue.
Progress(28) at 2026-05-09 02:03:20: 761,506,374 states generated (1,412,456 s/min), 67,566,781 distinct states found (127,979 ds/min), 9,384,014 states left on queue.
Progress(28) at 2026-05-09 02:04:20: 763,025,279 states generated (1,518,905 s/min), 67,691,126 distinct states found (124,345 ds/min), 9,370,833 states left on queue.
Progress(28) at 2026-05-09 02:05:20: 764,763,137 states generated (1,737,858 s/min), 67,826,219 distinct states found (135,093 ds/min), 9,352,906 states left on queue.
Progress(28) at 2026-05-09 02:06:20: 766,294,747 states generated (1,531,610 s/min), 67,944,671 distinct states found (118,452 ds/min), 9,346,081 states left on queue.
Progress(28) at 2026-05-09 02:07:20: 768,130,326 states generated (1,835,579 s/min), 68,088,080 distinct states found (143,409 ds/min), 9,325,280 states left on queue.
Checkpointing of run states/26-05-08-18-37-16
Checkpointing completed at (2026-05-09 02:08:20)
Progress(28) at 2026-05-09 02:08:20: 769,921,345 states generated (1,791,019 s/min), 68,227,192 distinct states found (139,112 ds/min), 9,309,017 states left on queue.
Progress(28) at 2026-05-09 02:09:20: 771,676,922 states generated (1,755,577 s/min), 68,377,565 distinct states found (150,373 ds/min), 9,303,275 states left on queue.
Progress(29) at 2026-05-09 02:10:20: 773,319,187 states generated (1,642,265 s/min), 68,512,254 distinct states found (134,689 ds/min), 9,298,247 states left on queue.
Progress(29) at 2026-05-09 02:11:20: 774,766,901 states generated (1,447,714 s/min), 68,646,864 distinct states found (134,610 ds/min), 9,281,176 states left on queue.
Progress(29) at 2026-05-09 02:12:20: 775,907,978 states generated (1,141,077 s/min), 68,761,029 distinct states found (114,165 ds/min), 9,279,366 states left on queue.
Progress(29) at 2026-05-09 02:13:20: 776,850,482 states generated (942,504 s/min), 68,859,834 distinct states found (98,805 ds/min), 9,281,768 states left on queue.
Progress(29) at 2026-05-09 02:14:20: 777,502,153 states generated (651,671 s/min), 68,933,487 distinct states found (73,653 ds/min), 9,289,516 states left on queue.
Progress(29) at 2026-05-09 02:15:20: 778,191,190 states generated (689,037 s/min), 69,005,618 distinct states found (72,131 ds/min), 9,294,331 states left on queue.
Progress(29) at 2026-05-09 02:16:20: 778,871,667 states generated (680,477 s/min), 69,073,058 distinct states found (67,440 ds/min), 9,298,045 states left on queue.
Progress(29) at 2026-05-09 02:17:20: 779,468,588 states generated (596,921 s/min), 69,136,116 distinct states found (63,058 ds/min), 9,302,856 states left on queue.
Progress(29) at 2026-05-09 02:18:20: 780,099,360 states generated (630,772 s/min), 69,197,490 distinct states found (61,374 ds/min), 9,306,121 states left on queue.
Progress(29) at 2026-05-09 02:19:20: 780,771,071 states generated (671,711 s/min), 69,260,264 distinct states found (62,774 ds/min), 9,307,516 states left on queue.
Progress(29) at 2026-05-09 02:20:20: 781,863,818 states generated (1,092,747 s/min), 69,358,890 distinct states found (98,626 ds/min), 9,302,436 states left on queue.
Progress(29) at 2026-05-09 02:21:20: 783,292,059 states generated (1,428,241 s/min), 69,490,532 distinct states found (131,642 ds/min), 9,294,361 states left on queue.
Progress(29) at 2026-05-09 02:22:20: 784,607,591 states generated (1,315,532 s/min), 69,606,725 distinct states found (116,193 ds/min), 9,287,904 states left on queue.
Progress(29) at 2026-05-09 02:23:20: 785,955,766 states generated (1,348,175 s/min), 69,729,088 distinct states found (122,363 ds/min), 9,281,141 states left on queue.
Progress(29) at 2026-05-09 02:24:20: 787,231,774 states generated (1,276,008 s/min), 69,843,326 distinct states found (114,238 ds/min), 9,275,658 states left on queue.
Progress(29) at 2026-05-09 02:25:20: 788,556,986 states generated (1,325,212 s/min), 69,964,016 distinct states found (120,690 ds/min), 9,270,385 states left on queue.
Progress(29) at 2026-05-09 02:26:20: 789,669,338 states generated (1,112,352 s/min), 70,068,981 distinct states found (104,965 ds/min), 9,269,981 states left on queue.
Progress(29) at 2026-05-09 02:27:20: 790,473,246 states generated (803,908 s/min), 70,147,314 distinct states found (78,333 ds/min), 9,273,337 states left on queue.
Progress(29) at 2026-05-09 02:28:20: 791,450,824 states generated (977,578 s/min), 70,235,936 distinct states found (88,622 ds/min), 9,273,716 states left on queue.
Progress(29) at 2026-05-09 02:29:20: 792,284,299 states generated (833,475 s/min), 70,313,943 distinct states found (78,007 ds/min), 9,277,661 states left on queue.
Progress(29) at 2026-05-09 02:30:20: 793,042,325 states generated (758,026 s/min), 70,387,384 distinct states found (73,441 ds/min), 9,281,900 states left on queue.
Progress(29) at 2026-05-09 02:31:20: 793,972,578 states generated (930,253 s/min), 70,472,606 distinct states found (85,222 ds/min), 9,283,849 states left on queue.
Progress(29) at 2026-05-09 02:32:20: 794,958,647 states generated (986,069 s/min), 70,558,613 distinct states found (86,007 ds/min), 9,282,628 states left on queue.
Progress(29) at 2026-05-09 02:33:20: 795,922,802 states generated (964,155 s/min), 70,645,815 distinct states found (87,202 ds/min), 9,283,326 states left on queue.
Progress(29) at 2026-05-09 02:34:20: 796,753,454 states generated (830,652 s/min), 70,721,911 distinct states found (76,096 ds/min), 9,286,456 states left on queue.
Progress(29) at 2026-05-09 02:35:20: 797,424,689 states generated (671,235 s/min), 70,783,277 distinct states found (61,366 ds/min), 9,288,964 states left on queue.
Progress(29) at 2026-05-09 02:36:20: 798,160,548 states generated (735,859 s/min), 70,846,949 distinct states found (63,672 ds/min), 9,290,193 states left on queue.
Progress(29) at 2026-05-09 02:37:20: 798,947,716 states generated (787,168 s/min), 70,914,488 distinct states found (67,539 ds/min), 9,290,750 states left on queue.
Checkpointing of run states/26-05-08-18-37-16
Checkpointing completed at (2026-05-09 02:38:20)
Progress(29) at 2026-05-09 02:38:20: 799,615,157 states generated (667,441 s/min), 70,974,516 distinct states found (60,028 ds/min), 9,293,027 states left on queue.
Progress(29) at 2026-05-09 02:39:20: 800,472,643 states generated (857,486 s/min), 71,047,847 distinct states found (73,331 ds/min), 9,292,780 states left on queue.
Progress(29) at 2026-05-09 02:40:20: 801,295,078 states generated (822,435 s/min), 71,118,723 distinct states found (70,876 ds/min), 9,293,642 states left on queue.
Progress(29) at 2026-05-09 02:41:20: 802,154,032 states generated (858,954 s/min), 71,190,375 distinct states found (71,652 ds/min), 9,292,364 states left on queue.
Progress(29) at 2026-05-09 02:42:20: 803,524,581 states generated (1,370,549 s/min), 71,302,422 distinct states found (112,047 ds/min), 9,284,911 states left on queue.
Progress(29) at 2026-05-09 02:43:20: 804,582,519 states generated (1,057,938 s/min), 71,388,927 distinct states found (86,505 ds/min), 9,282,737 states left on queue.
Progress(29) at 2026-05-09 02:44:20: 805,702,470 states generated (1,119,951 s/min), 71,477,754 distinct states found (88,827 ds/min), 9,279,084 states left on queue.
Progress(29) at 2026-05-09 02:45:20: 806,820,834 states generated (1,118,364 s/min), 71,578,636 distinct states found (100,882 ds/min), 9,270,753 states left on queue.
Progress(29) at 2026-05-09 02:46:20: 807,955,603 states generated (1,134,769 s/min), 71,692,286 distinct states found (113,650 ds/min), 9,264,389 states left on queue.
Progress(29) at 2026-05-09 02:47:20: 809,099,664 states generated (1,144,061 s/min), 71,794,871 distinct states found (102,585 ds/min), 9,252,994 states left on queue.
Progress(29) at 2026-05-09 02:48:20: 810,544,187 states generated (1,444,523 s/min), 71,924,767 distinct states found (129,896 ds/min), 9,236,263 states left on queue.
Progress(29) at 2026-05-09 02:49:20: 811,868,272 states generated (1,324,085 s/min), 72,040,270 distinct states found (115,503 ds/min), 9,222,169 states left on queue.
Progress(29) at 2026-05-09 02:50:20: 813,071,283 states generated (1,203,011 s/min), 72,145,888 distinct states found (105,618 ds/min), 9,211,730 states left on queue.
Progress(29) at 2026-05-09 02:51:20: 814,265,207 states generated (1,193,924 s/min), 72,250,680 distinct states found (104,792 ds/min), 9,201,505 states left on queue.
Progress(29) at 2026-05-09 02:52:20: 815,979,440 states generated (1,714,233 s/min), 72,389,587 distinct states found (138,907 ds/min), 9,177,223 states left on queue.
Progress(29) at 2026-05-09 02:53:20: 817,414,908 states generated (1,435,468 s/min), 72,505,112 distinct states found (115,525 ds/min), 9,167,467 states left on queue.
Progress(29) at 2026-05-09 02:54:20: 818,319,249 states generated (904,341 s/min), 72,576,366 distinct states found (71,254 ds/min), 9,164,575 states left on queue.
Progress(29) at 2026-05-09 02:55:20: 819,804,509 states generated (1,485,260 s/min), 72,703,185 distinct states found (126,819 ds/min), 9,145,319 states left on queue.
Progress(29) at 2026-05-09 02:56:20: 821,032,675 states generated (1,228,166 s/min), 72,813,293 distinct states found (110,108 ds/min), 9,135,958 states left on queue.
Progress(29) at 2026-05-09 02:57:20: 822,561,923 states generated (1,529,248 s/min), 72,935,791 distinct states found (122,498 ds/min), 9,113,182 states left on queue.
Progress(29) at 2026-05-09 02:58:20: 824,223,475 states generated (1,661,552 s/min), 73,066,289 distinct states found (130,498 ds/min), 9,091,705 states left on queue.
Progress(29) at 2026-05-09 02:59:20: 825,573,618 states generated (1,350,143 s/min), 73,201,031 distinct states found (134,742 ds/min), 9,086,649 states left on queue.
Progress(29) at 2026-05-09 03:00:20: 826,669,126 states generated (1,095,508 s/min), 73,310,805 distinct states found (109,774 ds/min), 9,086,015 states left on queue.
Progress(29) at 2026-05-09 03:01:20: 827,438,351 states generated (769,225 s/min), 73,394,411 distinct states found (83,606 ds/min), 9,092,198 states left on queue.
Progress(29) at 2026-05-09 03:02:20: 828,144,415 states generated (706,064 s/min), 73,471,829 distinct states found (77,418 ds/min), 9,097,273 states left on queue.
Progress(29) at 2026-05-09 03:03:20: 828,829,254 states generated (684,839 s/min), 73,543,265 distinct states found (71,436 ds/min), 9,101,955 states left on queue.
Progress(29) at 2026-05-09 03:04:20: 829,515,731 states generated (686,477 s/min), 73,610,453 distinct states found (67,188 ds/min), 9,105,553 states left on queue.
Progress(29) at 2026-05-09 03:05:20: 830,117,126 states generated (601,395 s/min), 73,673,201 distinct states found (62,748 ds/min), 9,109,851 states left on queue.
Progress(29) at 2026-05-09 03:06:20: 830,844,305 states generated (727,179 s/min), 73,741,905 distinct states found (68,704 ds/min), 9,111,563 states left on queue.
Progress(29) at 2026-05-09 03:07:20: 831,531,239 states generated (686,934 s/min), 73,806,224 distinct states found (64,319 ds/min), 9,112,374 states left on queue.
Checkpointing of run states/26-05-08-18-37-16
Checkpointing completed at (2026-05-09 03:08:20)
Progress(29) at 2026-05-09 03:08:20: 832,705,823 states generated (1,174,584 s/min), 73,915,239 distinct states found (109,015 ds/min), 9,108,311 states left on queue.
Progress(29) at 2026-05-09 03:09:20: 833,984,692 states generated (1,278,869 s/min), 74,027,854 distinct states found (112,615 ds/min), 9,102,148 states left on queue.
Progress(29) at 2026-05-09 03:10:20: 835,280,214 states generated (1,295,522 s/min), 74,145,262 distinct states found (117,408 ds/min), 9,096,865 states left on queue.
Progress(29) at 2026-05-09 03:11:20: 836,492,420 states generated (1,212,206 s/min), 74,257,364 distinct states found (112,102 ds/min), 9,094,196 states left on queue.
Progress(29) at 2026-05-09 03:12:20: 837,398,314 states generated (905,894 s/min), 74,344,527 distinct states found (87,163 ds/min), 9,095,627 states left on queue.
Progress(29) at 2026-05-09 03:13:20: 838,283,477 states generated (885,163 s/min), 74,425,426 distinct states found (80,899 ds/min), 9,096,857 states left on queue.
Progress(29) at 2026-05-09 03:14:20: 839,461,766 states generated (1,178,289 s/min), 74,529,738 distinct states found (104,312 ds/min), 9,093,706 states left on queue.
Progress(29) at 2026-05-09 03:15:20: 840,647,118 states generated (1,185,352 s/min), 74,642,153 distinct states found (112,415 ds/min), 9,092,367 states left on queue.
Progress(29) at 2026-05-09 03:16:20: 841,599,186 states generated (952,068 s/min), 74,729,819 distinct states found (87,666 ds/min), 9,092,452 states left on queue.
Progress(29) at 2026-05-09 03:17:20: 842,612,838 states generated (1,013,652 s/min), 74,822,469 distinct states found (92,650 ds/min), 9,092,718 states left on queue.
Progress(29) at 2026-05-09 03:18:20: 843,511,251 states generated (898,413 s/min), 74,907,256 distinct states found (84,787 ds/min), 9,095,130 states left on queue.
Progress(29) at 2026-05-09 03:19:20: 844,319,934 states generated (808,683 s/min), 74,984,891 distinct states found (77,635 ds/min), 9,097,759 states left on queue.
Progress(29) at 2026-05-09 03:20:20: 845,174,645 states generated (854,711 s/min), 75,064,502 distinct states found (79,611 ds/min), 9,100,468 states left on queue.
Progress(29) at 2026-05-09 03:21:20: 845,985,694 states generated (811,049 s/min), 75,138,367 distinct states found (73,865 ds/min), 9,102,628 states left on queue.
Progress(29) at 2026-05-09 03:22:20: 846,776,726 states generated (791,032 s/min), 75,208,466 distinct states found (70,099 ds/min), 9,104,724 states left on queue.
Progress(29) at 2026-05-09 03:23:20: 847,643,726 states generated (867,000 s/min), 75,284,217 distinct states found (75,751 ds/min), 9,104,902 states left on queue.
Progress(29) at 2026-05-09 03:24:20: 848,565,809 states generated (922,083 s/min), 75,363,165 distinct states found (78,948 ds/min), 9,103,831 states left on queue.
Progress(29) at 2026-05-09 03:25:20: 849,228,992 states generated (663,183 s/min), 75,423,206 distinct states found (60,041 ds/min), 9,106,740 states left on queue.
Progress(29) at 2026-05-09 03:26:20: 849,903,752 states generated (674,760 s/min), 75,482,910 distinct states found (59,704 ds/min), 9,108,868 states left on queue.
Progress(29) at 2026-05-09 03:27:20: 850,628,455 states generated (724,703 s/min), 75,545,339 distinct states found (62,429 ds/min), 9,110,871 states left on queue.
Progress(29) at 2026-05-09 03:28:20: 851,466,022 states generated (837,567 s/min), 75,615,282 distinct states found (69,943 ds/min), 9,109,220 states left on queue.
Progress(29) at 2026-05-09 03:29:20: 852,987,187 states generated (1,521,165 s/min), 75,739,242 distinct states found (123,960 ds/min), 9,097,521 states left on queue.
Progress(29) at 2026-05-09 03:30:20: 854,109,792 states generated (1,122,605 s/min), 75,835,263 distinct states found (96,021 ds/min), 9,096,261 states left on queue.
Progress(29) at 2026-05-09 03:31:20: 855,119,849 states generated (1,010,057 s/min), 75,915,081 distinct states found (79,818 ds/min), 9,094,536 states left on queue.
Progress(29) at 2026-05-09 03:32:20: 856,347,293 states generated (1,227,444 s/min), 76,010,234 distinct states found (95,153 ds/min), 9,085,797 states left on queue.
Progress(29) at 2026-05-09 03:33:20: 857,900,509 states generated (1,553,216 s/min), 76,134,937 distinct states found (124,703 ds/min), 9,075,108 states left on queue.
Progress(29) at 2026-05-09 03:34:20: 859,013,719 states generated (1,113,210 s/min), 76,222,109 distinct states found (87,172 ds/min), 9,072,915 states left on queue.
Progress(29) at 2026-05-09 03:35:20: 860,025,162 states generated (1,011,443 s/min), 76,299,745 distinct states found (77,636 ds/min), 9,069,598 states left on queue.
Progress(29) at 2026-05-09 03:36:20: 861,248,555 states generated (1,223,393 s/min), 76,393,294 distinct states found (93,549 ds/min), 9,063,340 states left on queue.
Progress(29) at 2026-05-09 03:37:20: 862,933,048 states generated (1,684,493 s/min), 76,536,677 distinct states found (143,383 ds/min), 9,039,486 states left on queue.
Checkpointing of run states/26-05-08-18-37-16
Checkpointing completed at (2026-05-09 03:38:21)
Progress(29) at 2026-05-09 03:38:21: 864,162,568 states generated (1,229,520 s/min), 76,647,195 distinct states found (110,518 ds/min), 9,029,156 states left on queue.
Progress(29) at 2026-05-09 03:39:21: 865,762,573 states generated (1,600,005 s/min), 76,772,769 distinct states found (125,574 ds/min), 9,005,708 states left on queue.
Progress(29) at 2026-05-09 03:40:21: 867,276,536 states generated (1,513,963 s/min), 76,891,551 distinct states found (118,782 ds/min), 8,991,184 states left on queue.
Progress(29) at 2026-05-09 03:41:21: 868,702,329 states generated (1,425,793 s/min), 76,999,595 distinct states found (108,044 ds/min), 8,975,732 states left on queue.
Progress(29) at 2026-05-09 03:42:21: 870,214,012 states generated (1,511,683 s/min), 77,120,533 distinct states found (120,938 ds/min), 8,957,795 states left on queue.
Progress(29) at 2026-05-09 03:43:21: 871,864,445 states generated (1,650,433 s/min), 77,260,496 distinct states found (139,963 ds/min), 8,943,527 states left on queue.
Progress(29) at 2026-05-09 03:44:21: 873,534,860 states generated (1,670,415 s/min), 77,397,799 distinct states found (137,303 ds/min), 8,933,407 states left on queue.
Progress(30) at 2026-05-09 03:45:21: 874,959,171 states generated (1,424,311 s/min), 77,522,853 distinct states found (125,054 ds/min), 8,913,433 states left on queue.
Progress(30) at 2026-05-09 03:46:21: 876,042,995 states generated (1,083,824 s/min), 77,630,331 distinct states found (107,478 ds/min), 8,906,875 states left on queue.
Progress(30) at 2026-05-09 03:47:21: 877,085,786 states generated (1,042,791 s/min), 77,732,999 distinct states found (102,668 ds/min), 8,901,302 states left on queue.
Progress(30) at 2026-05-09 03:48:21: 877,704,099 states generated (618,313 s/min), 77,804,794 distinct states found (71,795 ds/min), 8,905,800 states left on queue.
Progress(30) at 2026-05-09 03:49:21: 878,358,660 states generated (654,561 s/min), 77,875,506 distinct states found (70,712 ds/min), 8,909,186 states left on queue.
Progress(30) at 2026-05-09 03:50:21: 878,993,277 states generated (634,617 s/min), 77,939,508 distinct states found (64,002 ds/min), 8,911,415 states left on queue.
Progress(30) at 2026-05-09 03:51:21: 879,613,814 states generated (620,537 s/min), 78,003,729 distinct states found (64,221 ds/min), 8,913,804 states left on queue.
Progress(30) at 2026-05-09 03:52:21: 880,191,512 states generated (577,698 s/min), 78,064,182 distinct states found (60,453 ds/min), 8,916,481 states left on queue.
Progress(30) at 2026-05-09 03:53:21: 880,810,544 states generated (619,032 s/min), 78,122,261 distinct states found (58,079 ds/min), 8,916,483 states left on queue.
Progress(30) at 2026-05-09 03:54:21: 881,324,275 states generated (513,731 s/min), 78,169,875 distinct states found (47,614 ds/min), 8,915,314 states left on queue.
Progress(30) at 2026-05-09 03:55:21: 882,220,430 states generated (896,155 s/min), 78,249,815 distinct states found (79,940 ds/min), 8,909,520 states left on queue.
Progress(30) at 2026-05-09 03:56:21: 883,606,677 states generated (1,386,247 s/min), 78,375,789 distinct states found (125,974 ds/min), 8,894,893 states left on queue.
Progress(30) at 2026-05-09 03:57:21: 884,838,693 states generated (1,232,016 s/min), 78,485,443 distinct states found (109,654 ds/min), 8,884,441 states left on queue.
Progress(30) at 2026-05-09 03:58:21: 886,093,820 states generated (1,255,127 s/min), 78,597,644 distinct states found (112,201 ds/min), 8,872,786 states left on queue.
Progress(30) at 2026-05-09 03:59:21: 887,306,271 states generated (1,212,451 s/min), 78,705,385 distinct states found (107,741 ds/min), 8,862,465 states left on queue.
Progress(30) at 2026-05-09 04:00:21: 888,546,694 states generated (1,240,423 s/min), 78,817,937 distinct states found (112,552 ds/min), 8,852,740 states left on queue.
Progress(30) at 2026-05-09 04:01:21: 889,573,981 states generated (1,027,287 s/min), 78,915,587 distinct states found (97,650 ds/min), 8,848,827 states left on queue.
Progress(30) at 2026-05-09 04:02:21: 890,286,659 states generated (712,678 s/min), 78,985,680 distinct states found (70,093 ds/min), 8,850,175 states left on queue.
Progress(30) at 2026-05-09 04:03:21: 891,209,076 states generated (922,417 s/min), 79,068,682 distinct states found (83,002 ds/min), 8,846,542 states left on queue.
Progress(30) at 2026-05-09 04:04:21: 892,023,206 states generated (814,130 s/min), 79,145,990 distinct states found (77,308 ds/min), 8,847,146 states left on queue.
Progress(30) at 2026-05-09 04:05:21: 892,694,682 states generated (671,476 s/min), 79,211,494 distinct states found (65,504 ds/min), 8,849,360 states left on queue.
Progress(30) at 2026-05-09 04:06:21: 893,515,537 states generated (820,855 s/min), 79,287,316 distinct states found (75,822 ds/min), 8,849,400 states left on queue.
Progress(30) at 2026-05-09 04:07:21: 894,407,363 states generated (891,826 s/min), 79,366,260 distinct states found (78,944 ds/min), 8,846,158 states left on queue.
Checkpointing of run states/26-05-08-18-37-16
Checkpointing completed at (2026-05-09 04:08:21)
Progress(30) at 2026-05-09 04:08:21: 895,388,305 states generated (980,942 s/min), 79,452,648 distinct states found (86,388 ds/min), 8,840,729 states left on queue.
Progress(30) at 2026-05-09 04:09:21: 896,186,476 states generated (798,171 s/min), 79,527,352 distinct states found (74,704 ds/min), 8,841,446 states left on queue.
Progress(30) at 2026-05-09 04:10:21: 896,883,662 states generated (697,186 s/min), 79,591,682 distinct states found (64,330 ds/min), 8,841,887 states left on queue.
Progress(30) at 2026-05-09 04:11:21: 897,525,444 states generated (641,782 s/min), 79,647,304 distinct states found (55,622 ds/min), 8,840,838 states left on queue.
Progress(30) at 2026-05-09 04:12:21: 898,201,868 states generated (676,424 s/min), 79,707,683 distinct states found (60,379 ds/min), 8,840,709 states left on queue.
Progress(30) at 2026-05-09 04:13:21: 898,937,188 states generated (735,320 s/min), 79,770,782 distinct states found (63,099 ds/min), 8,838,369 states left on queue.
Progress(30) at 2026-05-09 04:14:21: 899,573,118 states generated (635,930 s/min), 79,827,361 distinct states found (56,579 ds/min), 8,838,800 states left on queue.
Progress(30) at 2026-05-09 04:15:21: 900,400,884 states generated (827,766 s/min), 79,897,941 distinct states found (70,580 ds/min), 8,835,317 states left on queue.
Progress(30) at 2026-05-09 04:16:21: 901,141,825 states generated (740,941 s/min), 79,963,001 distinct states found (65,060 ds/min), 8,834,215 states left on queue.
Progress(30) at 2026-05-09 04:17:21: 901,964,905 states generated (823,080 s/min), 80,028,781 distinct states found (65,780 ds/min), 8,829,308 states left on queue.
Progress(30) at 2026-05-09 04:18:21: 903,227,083 states generated (1,262,178 s/min), 80,134,206 distinct states found (105,425 ds/min), 8,818,524 states left on queue.
Progress(30) at 2026-05-09 04:19:21: 904,224,310 states generated (997,227 s/min), 80,215,650 distinct states found (81,444 ds/min), 8,813,185 states left on queue.
Progress(30) at 2026-05-09 04:20:21: 905,180,161 states generated (955,851 s/min), 80,292,087 distinct states found (76,437 ds/min), 8,807,921 states left on queue.
Progress(30) at 2026-05-09 04:21:21: 906,256,755 states generated (1,076,594 s/min), 80,390,325 distinct states found (98,238 ds/min), 8,795,189 states left on queue.
Progress(30) at 2026-05-09 04:22:21: 907,315,354 states generated (1,058,599 s/min), 80,491,642 distinct states found (101,317 ds/min), 8,783,362 states left on queue.
Progress(30) at 2026-05-09 04:23:21: 908,438,828 states generated (1,123,474 s/min), 80,592,968 distinct states found (101,326 ds/min), 8,768,610 states left on queue.
Progress(30) at 2026-05-09 04:24:21: 909,789,896 states generated (1,351,068 s/min), 80,712,050 distinct states found (119,082 ds/min), 8,746,902 states left on queue.
Progress(30) at 2026-05-09 04:25:21: 911,020,509 states generated (1,230,613 s/min), 80,816,126 distinct states found (104,076 ds/min), 8,728,450 states left on queue.
Progress(30) at 2026-05-09 04:26:21: 912,103,428 states generated (1,082,919 s/min), 80,914,176 distinct states found (98,050 ds/min), 8,717,009 states left on queue.
Progress(30) at 2026-05-09 04:27:21: 913,488,505 states generated (1,385,077 s/min), 81,027,902 distinct states found (113,726 ds/min), 8,693,194 states left on queue.
Progress(30) at 2026-05-09 04:28:21: 914,945,083 states generated (1,456,578 s/min), 81,146,210 distinct states found (118,308 ds/min), 8,673,755 states left on queue.
Progress(30) at 2026-05-09 04:29:21: 915,972,051 states generated (1,026,968 s/min), 81,228,366 distinct states found (82,156 ds/min), 8,667,632 states left on queue.
Progress(30) at 2026-05-09 04:30:21: 917,264,012 states generated (1,291,961 s/min), 81,335,687 distinct states found (107,321 ds/min), 8,646,626 states left on queue.
Progress(30) at 2026-05-09 04:31:21: 918,419,148 states generated (1,155,136 s/min), 81,438,495 distinct states found (102,808 ds/min), 8,632,272 states left on queue.
Progress(30) at 2026-05-09 04:32:21: 919,800,431 states generated (1,381,283 s/min), 81,549,614 distinct states found (111,119 ds/min), 8,607,802 states left on queue.
Progress(30) at 2026-05-09 04:33:21: 921,390,769 states generated (1,590,338 s/min), 81,677,197 distinct states found (127,583 ds/min), 8,581,555 states left on queue.
Progress(30) at 2026-05-09 04:34:21: 922,522,925 states generated (1,132,156 s/min), 81,794,003 distinct states found (116,806 ds/min), 8,575,789 states left on queue.
Progress(30) at 2026-05-09 04:35:21: 923,563,946 states generated (1,041,021 s/min), 81,895,613 distinct states found (101,610 ds/min), 8,570,032 states left on queue.
Progress(30) at 2026-05-09 04:36:21: 924,239,536 states generated (675,590 s/min), 81,969,627 distinct states found (74,014 ds/min), 8,573,211 states left on queue.
Progress(30) at 2026-05-09 04:37:21: 924,905,657 states generated (666,121 s/min), 82,042,761 distinct states found (73,134 ds/min), 8,575,675 states left on queue.
Checkpointing of run states/26-05-08-18-37-16
Checkpointing completed at (2026-05-09 04:38:21)
Progress(30) at 2026-05-09 04:38:21: 925,564,732 states generated (659,075 s/min), 82,111,372 distinct states found (68,611 ds/min), 8,577,600 states left on queue.
Progress(30) at 2026-05-09 04:39:21: 926,223,650 states generated (658,918 s/min), 82,175,654 distinct states found (64,282 ds/min), 8,579,149 states left on queue.
Progress(30) at 2026-05-09 04:40:21: 926,788,745 states generated (565,095 s/min), 82,236,125 distinct states found (60,471 ds/min), 8,581,699 states left on queue.
Progress(30) at 2026-05-09 04:41:21: 927,384,493 states generated (595,748 s/min), 82,293,729 distinct states found (57,604 ds/min), 8,582,875 states left on queue.
Progress(30) at 2026-05-09 04:42:21: 928,090,764 states generated (706,271 s/min), 82,358,172 distinct states found (64,443 ds/min), 8,580,157 states left on queue.
Progress(30) at 2026-05-09 04:43:21: 928,856,196 states generated (765,432 s/min), 82,426,807 distinct states found (68,635 ds/min), 8,575,924 states left on queue.
Progress(30) at 2026-05-09 04:44:21: 930,150,697 states generated (1,294,501 s/min), 82,545,742 distinct states found (118,935 ds/min), 8,565,450 states left on queue.
Progress(30) at 2026-05-09 04:45:21: 931,336,428 states generated (1,185,731 s/min), 82,649,373 distinct states found (103,631 ds/min), 8,554,715 states left on queue.
Progress(30) at 2026-05-09 04:46:21: 932,521,384 states generated (1,184,956 s/min), 82,758,519 distinct states found (109,146 ds/min), 8,547,058 states left on queue.
Progress(30) at 2026-05-09 04:47:21: 933,390,284 states generated (868,900 s/min), 82,841,618 distinct states found (83,099 ds/min), 8,544,991 states left on queue.
Progress(30) at 2026-05-09 04:48:21: 934,250,954 states generated (860,670 s/min), 82,921,266 distinct states found (79,648 ds/min), 8,542,784 states left on queue.
Progress(30) at 2026-05-09 04:49:21: 935,174,179 states generated (923,225 s/min), 83,002,837 distinct states found (81,571 ds/min), 8,538,682 states left on queue.
Progress(30) at 2026-05-09 04:50:21: 936,408,436 states generated (1,234,257 s/min), 83,115,569 distinct states found (112,732 ds/min), 8,529,371 states left on queue.
Progress(30) at 2026-05-09 04:51:21: 937,324,853 states generated (916,417 s/min), 83,202,958 distinct states found (87,389 ds/min), 8,527,845 states left on queue.
Progress(30) at 2026-05-09 04:52:21: 938,164,772 states generated (839,919 s/min), 83,279,248 distinct states found (76,290 ds/min), 8,525,522 states left on queue.
Progress(30) at 2026-05-09 04:53:21: 939,154,598 states generated (989,826 s/min), 83,372,345 distinct states found (93,097 ds/min), 8,522,573 states left on queue.
Progress(30) at 2026-05-09 04:54:21: 939,853,473 states generated (698,875 s/min), 83,437,757 distinct states found (65,412 ds/min), 8,521,856 states left on queue.
Progress(30) at 2026-05-09 04:55:21: 940,620,628 states generated (767,155 s/min), 83,510,289 distinct states found (72,532 ds/min), 8,521,554 states left on queue.
Progress(30) at 2026-05-09 04:56:21: 941,414,686 states generated (794,058 s/min), 83,584,753 distinct states found (74,464 ds/min), 8,521,238 states left on queue.
Progress(30) at 2026-05-09 04:57:21: 942,179,887 states generated (765,201 s/min), 83,653,876 distinct states found (69,123 ds/min), 8,520,442 states left on queue.
Progress(30) at 2026-05-09 04:58:21: 942,916,563 states generated (736,676 s/min), 83,720,326 distinct states found (66,450 ds/min), 8,520,189 states left on queue.
Progress(30) at 2026-05-09 04:59:21: 943,729,332 states generated (812,769 s/min), 83,791,102 distinct states found (70,776 ds/min), 8,517,550 states left on queue.
Progress(30) at 2026-05-09 05:00:21: 944,584,718 states generated (855,386 s/min), 83,864,325 distinct states found (73,223 ds/min), 8,513,563 states left on queue.
Progress(30) at 2026-05-09 05:01:21: 945,240,542 states generated (655,824 s/min), 83,921,763 distinct states found (57,438 ds/min), 8,513,588 states left on queue.
Progress(30) at 2026-05-09 05:02:21: 945,851,899 states generated (611,357 s/min), 83,977,261 distinct states found (55,498 ds/min), 8,513,784 states left on queue.
Progress(30) at 2026-05-09 05:03:21: 946,525,944 states generated (674,045 s/min), 84,036,878 distinct states found (59,617 ds/min), 8,514,028 states left on queue.
Progress(30) at 2026-05-09 05:04:21: 947,223,803 states generated (697,859 s/min), 84,094,547 distinct states found (57,669 ds/min), 8,511,561 states left on queue.
Progress(30) at 2026-05-09 05:05:21: 948,381,151 states generated (1,157,348 s/min), 84,190,714 distinct states found (96,167 ds/min), 8,499,897 states left on queue.
Progress(30) at 2026-05-09 05:06:21: 949,657,068 states generated (1,275,917 s/min), 84,296,717 distinct states found (106,003 ds/min), 8,489,061 states left on queue.
Progress(30) at 2026-05-09 05:07:21: 950,583,921 states generated (926,853 s/min), 84,372,188 distinct states found (75,471 ds/min), 8,485,284 states left on queue.
Checkpointing of run states/26-05-08-18-37-16
Checkpointing completed at (2026-05-09 05:08:21)
Progress(30) at 2026-05-09 05:08:21: 951,341,474 states generated (757,553 s/min), 84,432,537 distinct states found (60,349 ds/min), 8,483,894 states left on queue.
Progress(30) at 2026-05-09 05:09:21: 952,841,379 states generated (1,499,905 s/min), 84,551,046 distinct states found (118,509 ds/min), 8,464,953 states left on queue.
Progress(30) at 2026-05-09 05:10:21: 953,998,939 states generated (1,157,560 s/min), 84,644,101 distinct states found (93,055 ds/min), 8,456,999 states left on queue.
Progress(30) at 2026-05-09 05:11:21: 954,897,667 states generated (898,728 s/min), 84,714,227 distinct states found (70,126 ds/min), 8,453,420 states left on queue.
Progress(30) at 2026-05-09 05:12:21: 956,067,699 states generated (1,170,032 s/min), 84,805,678 distinct states found (91,451 ds/min), 8,442,812 states left on queue.
Progress(30) at 2026-05-09 05:13:21: 957,452,180 states generated (1,384,481 s/min), 84,917,651 distinct states found (111,973 ds/min), 8,420,071 states left on queue.
Progress(30) at 2026-05-09 05:14:21: 958,677,539 states generated (1,225,359 s/min), 85,026,152 distinct states found (108,501 ds/min), 8,403,208 states left on queue.
Progress(30) at 2026-05-09 05:15:21: 960,051,146 states generated (1,373,607 s/min), 85,136,657 distinct states found (110,505 ds/min), 8,379,642 states left on queue.
Progress(30) at 2026-05-09 05:16:21: 961,472,994 states generated (1,421,848 s/min), 85,249,060 distinct states found (112,403 ds/min), 8,360,002 states left on queue.
Progress(30) at 2026-05-09 05:17:21: 962,737,913 states generated (1,264,919 s/min), 85,344,294 distinct states found (95,234 ds/min), 8,341,544 states left on queue.
Progress(30) at 2026-05-09 05:18:21: 964,173,325 states generated (1,435,412 s/min), 85,457,407 distinct states found (113,113 ds/min), 8,317,816 states left on queue.
Progress(30) at 2026-05-09 05:19:21: 965,690,216 states generated (1,516,891 s/min), 85,588,061 distinct states found (130,654 ds/min), 8,299,596 states left on queue.
Progress(30) at 2026-05-09 05:20:21: 967,053,899 states generated (1,363,683 s/min), 85,702,491 distinct states found (114,430 ds/min), 8,289,338 states left on queue.
Progress(31) at 2026-05-09 05:21:21: 968,313,787 states generated (1,259,888 s/min), 85,817,285 distinct states found (114,794 ds/min), 8,269,552 states left on queue.
Progress(31) at 2026-05-09 05:22:21: 969,351,350 states generated (1,037,563 s/min), 85,917,671 distinct states found (100,386 ds/min), 8,258,489 states left on queue.
Progress(31) at 2026-05-09 05:23:21: 970,227,430 states generated (876,080 s/min), 86,007,024 distinct states found (89,353 ds/min), 8,252,780 states left on queue.
Progress(31) at 2026-05-09 05:24:21: 970,809,149 states generated (581,719 s/min), 86,073,316 distinct states found (66,292 ds/min), 8,255,191 states left on queue.
Progress(31) at 2026-05-09 05:25:21: 971,434,447 states generated (625,298 s/min), 86,140,230 distinct states found (66,914 ds/min), 8,255,390 states left on queue.
Progress(31) at 2026-05-09 05:26:21: 972,027,915 states generated (593,468 s/min), 86,198,802 distinct states found (58,572 ds/min), 8,254,967 states left on queue.
Progress(31) at 2026-05-09 05:27:21: 972,612,303 states generated (584,388 s/min), 86,258,473 distinct states found (59,671 ds/min), 8,254,066 states left on queue.
Progress(31) at 2026-05-09 05:28:21: 973,159,327 states generated (547,024 s/min), 86,314,899 distinct states found (56,426 ds/min), 8,253,916 states left on queue.
Progress(31) at 2026-05-09 05:29:21: 973,734,405 states generated (575,078 s/min), 86,369,239 distinct states found (54,340 ds/min), 8,252,508 states left on queue.
Progress(31) at 2026-05-09 05:30:21: 974,315,633 states generated (581,228 s/min), 86,422,902 distinct states found (53,663 ds/min), 8,249,674 states left on queue.
Progress(31) at 2026-05-09 05:31:21: 975,218,113 states generated (902,480 s/min), 86,502,420 distinct states found (79,518 ds/min), 8,238,743 states left on queue.
Progress(31) at 2026-05-09 05:32:21: 976,457,204 states generated (1,239,091 s/min), 86,614,867 distinct states found (112,447 ds/min), 8,221,761 states left on queue.
Progress(31) at 2026-05-09 05:33:21: 977,602,007 states generated (1,144,803 s/min), 86,714,182 distinct states found (99,315 ds/min), 8,207,184 states left on queue.
Progress(31) at 2026-05-09 05:34:21: 978,817,954 states generated (1,215,947 s/min), 86,824,710 distinct states found (110,528 ds/min), 8,191,773 states left on queue.
Progress(31) at 2026-05-09 05:35:21: 979,953,866 states generated (1,135,912 s/min), 86,924,099 distinct states found (99,389 ds/min), 8,177,905 states left on queue.
Progress(31) at 2026-05-09 05:36:21: 981,129,504 states generated (1,175,638 s/min), 87,031,782 distinct states found (107,683 ds/min), 8,163,485 states left on queue.
Progress(31) at 2026-05-09 05:37:21: 981,860,099 states generated (730,595 s/min), 87,102,741 distinct states found (70,959 ds/min), 8,161,164 states left on queue.
Checkpointing of run states/26-05-08-18-37-16
Checkpointing completed at (2026-05-09 05:38:21)
Progress(31) at 2026-05-09 05:38:21: 982,613,282 states generated (753,183 s/min), 87,174,050 distinct states found (71,309 ds/min), 8,157,753 states left on queue.
Progress(31) at 2026-05-09 05:39:21: 983,420,354 states generated (807,072 s/min), 87,248,570 distinct states found (74,520 ds/min), 8,153,952 states left on queue.
Progress(31) at 2026-05-09 05:40:21: 984,139,618 states generated (719,264 s/min), 87,317,668 distinct states found (69,098 ds/min), 8,152,384 states left on queue.
Progress(31) at 2026-05-09 05:41:21: 984,814,569 states generated (674,951 s/min), 87,382,229 distinct states found (64,561 ds/min), 8,150,879 states left on queue.
Progress(31) at 2026-05-09 05:42:21: 985,567,270 states generated (752,701 s/min), 87,453,211 distinct states found (70,982 ds/min), 8,148,958 states left on queue.
Progress(31) at 2026-05-09 05:43:21: 986,420,172 states generated (852,902 s/min), 87,527,272 distinct states found (74,061 ds/min), 8,142,658 states left on queue.
Progress(31) at 2026-05-09 05:44:21: 987,311,867 states generated (891,695 s/min), 87,606,804 distinct states found (79,532 ds/min), 8,135,615 states left on queue.
Progress(31) at 2026-05-09 05:45:21: 988,027,775 states generated (715,908 s/min), 87,675,662 distinct states found (68,858 ds/min), 8,134,739 states left on queue.
Progress(31) at 2026-05-09 05:46:21: 988,664,506 states generated (636,731 s/min), 87,734,120 distinct states found (58,458 ds/min), 8,132,755 states left on queue.
Progress(31) at 2026-05-09 05:47:21: 989,297,718 states generated (633,212 s/min), 87,789,003 distinct states found (54,883 ds/min), 8,129,477 states left on queue.
Progress(31) at 2026-05-09 05:48:21: 989,908,435 states generated (610,717 s/min), 87,843,203 distinct states found (54,200 ds/min), 8,127,795 states left on queue.
Progress(31) at 2026-05-09 05:49:21: 990,596,371 states generated (687,936 s/min), 87,902,829 distinct states found (59,626 ds/min), 8,123,896 states left on queue.
Progress(31) at 2026-05-09 05:50:21: 991,209,094 states generated (612,723 s/min), 87,956,584 distinct states found (53,755 ds/min), 8,122,036 states left on queue.
Progress(31) at 2026-05-09 05:51:21: 991,962,193 states generated (753,099 s/min), 88,021,934 distinct states found (65,350 ds/min), 8,116,757 states left on queue.
Progress(31) at 2026-05-09 05:52:21: 992,676,665 states generated (714,472 s/min), 88,083,081 distinct states found (61,147 ds/min), 8,112,723 states left on queue.
Progress(31) at 2026-05-09 05:53:21: 993,506,656 states generated (829,991 s/min), 88,151,446 distinct states found (68,365 ds/min), 8,104,762 states left on queue.
Progress(31) at 2026-05-09 05:54:25: 994,505,069 states generated (998,413 s/min), 88,235,569 distinct states found (84,123 ds/min), 8,094,379 states left on queue.
Progress(31) at 2026-05-09 05:55:25: 995,441,648 states generated (936,579 s/min), 88,311,835 distinct states found (76,266 ds/min), 8,086,407 states left on queue.
Progress(31) at 2026-05-09 05:56:25: 996,364,165 states generated (922,517 s/min), 88,387,735 distinct states found (75,900 ds/min), 8,077,394 states left on queue.
Progress(31) at 2026-05-09 05:57:25: 997,330,136 states generated (965,971 s/min), 88,477,282 distinct states found (89,547 ds/min), 8,064,362 states left on queue.
Progress(31) at 2026-05-09 05:58:25: 998,316,340 states generated (986,204 s/min), 88,571,475 distinct states found (94,193 ds/min), 8,051,765 states left on queue.
Progress(31) at 2026-05-09 05:59:25: 999,536,703 states generated (1,220,363 s/min), 88,678,692 distinct states found (107,217 ds/min), 8,028,338 states left on queue.
Progress(31) at 2026-05-09 06:00:25: 1,000,679,659 states generated (1,142,956 s/min), 88,779,563 distinct states found (100,871 ds/min), 8,009,804 states left on queue.
Progress(31) at 2026-05-09 06:01:25: 1,001,736,451 states generated (1,056,792 s/min), 88,871,660 distinct states found (92,097 ds/min), 7,994,131 states left on queue.
Progress(31) at 2026-05-09 06:02:25: 1,002,831,653 states generated (1,095,202 s/min), 88,966,383 distinct states found (94,723 ds/min), 7,976,488 states left on queue.
Progress(31) at 2026-05-09 06:03:25: 1,004,272,284 states generated (1,440,631 s/min), 89,083,815 distinct states found (117,432 ds/min), 7,949,545 states left on queue.
Progress(31) at 2026-05-09 06:04:25: 1,005,250,566 states generated (978,282 s/min), 89,163,601 distinct states found (79,786 ds/min), 7,941,102 states left on queue.
Progress(31) at 2026-05-09 06:05:25: 1,006,394,710 states generated (1,144,144 s/min), 89,258,208 distinct states found (94,607 ds/min), 7,920,578 states left on queue.
Progress(31) at 2026-05-09 06:06:25: 1,007,475,161 states generated (1,080,451 s/min), 89,355,163 distinct states found (96,955 ds/min), 7,905,418 states left on queue.
Progress(31) at 2026-05-09 06:07:25: 1,008,782,445 states generated (1,307,284 s/min), 89,459,975 distinct states found (104,812 ds/min), 7,878,416 states left on queue.
Checkpointing of run states/26-05-08-18-37-16
Checkpointing completed at (2026-05-09 06:08:25)
Progress(31) at 2026-05-09 06:08:25: 1,010,151,441 states generated (1,368,996 s/min), 89,581,182 distinct states found (121,207 ds/min), 7,855,635 states left on queue.
Progress(31) at 2026-05-09 06:09:25: 1,011,163,945 states generated (1,012,504 s/min), 89,680,198 distinct states found (99,016 ds/min), 7,844,946 states left on queue.
Progress(31) at 2026-05-09 06:10:25: 1,011,996,165 states generated (832,220 s/min), 89,766,395 distinct states found (86,197 ds/min), 7,840,905 states left on queue.
Progress(31) at 2026-05-09 06:11:25: 1,012,645,141 states generated (648,976 s/min), 89,836,406 distinct states found (70,011 ds/min), 7,841,419 states left on queue.
Progress(31) at 2026-05-09 06:12:25: 1,013,271,836 states generated (626,695 s/min), 89,903,429 distinct states found (67,023 ds/min), 7,841,003 states left on queue.
Progress(31) at 2026-05-09 06:13:25: 1,013,879,514 states generated (607,678 s/min), 89,965,505 distinct states found (62,076 ds/min), 7,840,534 states left on queue.
Progress(31) at 2026-05-09 06:14:25: 1,014,494,442 states generated (614,928 s/min), 90,025,383 distinct states found (59,878 ds/min), 7,839,279 states left on queue.
Progress(31) at 2026-05-09 06:15:25: 1,015,031,620 states generated (537,178 s/min), 90,081,465 distinct states found (56,082 ds/min), 7,838,980 states left on queue.
Progress(31) at 2026-05-09 06:16:25: 1,015,602,484 states generated (570,864 s/min), 90,135,934 distinct states found (54,469 ds/min), 7,837,774 states left on queue.
Progress(31) at 2026-05-09 06:17:25: 1,016,259,131 states generated (656,647 s/min), 90,195,653 distinct states found (59,719 ds/min), 7,833,271 states left on queue.
Progress(31) at 2026-05-09 06:18:25: 1,017,008,881 states generated (749,750 s/min), 90,263,244 distinct states found (67,591 ds/min), 7,826,413 states left on queue.
Progress(31) at 2026-05-09 06:19:25: 1,018,191,162 states generated (1,182,281 s/min), 90,369,415 distinct states found (106,171 ds/min), 7,810,925 states left on queue.
Progress(31) at 2026-05-09 06:20:25: 1,019,314,648 states generated (1,123,486 s/min), 90,468,755 distinct states found (99,340 ds/min), 7,797,982 states left on queue.
Progress(31) at 2026-05-09 06:21:25: 1,020,463,135 states generated (1,148,487 s/min), 90,572,391 distinct states found (103,636 ds/min), 7,784,569 states left on queue.
Progress(31) at 2026-05-09 06:22:25: 1,021,178,738 states generated (715,603 s/min), 90,642,099 distinct states found (69,708 ds/min), 7,782,666 states left on queue.
Progress(31) at 2026-05-09 06:23:25: 1,021,951,808 states generated (773,070 s/min), 90,714,586 distinct states found (72,487 ds/min), 7,778,252 states left on queue.
Progress(31) at 2026-05-09 06:24:25: 1,022,856,507 states generated (904,699 s/min), 90,794,785 distinct states found (80,199 ds/min), 7,771,049 states left on queue.
Progress(31) at 2026-05-09 06:25:25: 1,023,941,485 states generated (1,084,978 s/min), 90,895,402 distinct states found (100,617 ds/min), 7,760,121 states left on queue.
Progress(31) at 2026-05-09 06:26:25: 1,024,834,685 states generated (893,200 s/min), 90,978,203 distinct states found (82,801 ds/min), 7,753,231 states left on queue.
Progress(31) at 2026-05-09 06:27:25: 1,025,586,354 states generated (751,669 s/min), 91,046,935 distinct states found (68,732 ds/min), 7,749,305 states left on queue.
Progress(31) at 2026-05-09 06:28:25: 1,026,501,990 states generated (915,636 s/min), 91,132,826 distinct states found (85,891 ds/min), 7,743,341 states left on queue.
Progress(31) at 2026-05-09 06:29:25: 1,027,209,342 states generated (707,352 s/min), 91,200,828 distinct states found (68,002 ds/min), 7,740,728 states left on queue.
Progress(31) at 2026-05-09 06:30:25: 1,027,910,321 states generated (700,979 s/min), 91,266,327 distinct states found (65,499 ds/min), 7,737,773 states left on queue.
Progress(31) at 2026-05-09 06:31:25: 1,028,657,134 states generated (746,813 s/min), 91,336,313 distinct states found (69,986 ds/min), 7,735,728 states left on queue.
Progress(31) at 2026-05-09 06:32:25: 1,029,366,249 states generated (709,115 s/min), 91,400,647 distinct states found (64,334 ds/min), 7,732,611 states left on queue.
Progress(31) at 2026-05-09 06:33:25: 1,030,074,583 states generated (708,334 s/min), 91,463,409 distinct states found (62,762 ds/min), 7,729,850 states left on queue.
Progress(31) at 2026-05-09 06:34:25: 1,030,826,727 states generated (752,144 s/min), 91,529,580 distinct states found (66,171 ds/min), 7,725,361 states left on queue.
Progress(31) at 2026-05-09 06:35:25: 1,031,621,080 states generated (794,353 s/min), 91,597,783 distinct states found (68,203 ds/min), 7,719,415 states left on queue.
Progress(31) at 2026-05-09 06:36:25: 1,032,215,795 states generated (594,715 s/min), 91,651,520 distinct states found (53,737 ds/min), 7,718,149 states left on queue.
Progress(31) at 2026-05-09 06:37:25: 1,032,798,607 states generated (582,812 s/min), 91,703,317 distinct states found (51,797 ds/min), 7,716,353 states left on queue.
Checkpointing of run states/26-05-08-18-37-16
Checkpointing completed at (2026-05-09 06:38:25)
Progress(31) at 2026-05-09 06:38:25: 1,033,450,165 states generated (651,558 s/min), 91,759,985 distinct states found (56,668 ds/min), 7,714,237 states left on queue.
Progress(31) at 2026-05-09 06:39:25: 1,034,121,364 states generated (671,199 s/min), 91,815,931 distinct states found (55,946 ds/min), 7,709,288 states left on queue.
Progress(31) at 2026-05-09 06:40:25: 1,035,270,160 states generated (1,148,796 s/min), 91,909,912 distinct states found (93,981 ds/min), 7,693,018 states left on queue.
Progress(31) at 2026-05-09 06:41:25: 1,036,290,686 states generated (1,020,526 s/min), 91,998,093 distinct states found (88,181 ds/min), 7,683,576 states left on queue.
Progress(31) at 2026-05-09 06:42:25: 1,037,157,807 states generated (867,121 s/min), 92,069,023 distinct states found (70,930 ds/min), 7,677,506 states left on queue.
Progress(31) at 2026-05-09 06:43:25: 1,038,032,725 states generated (874,918 s/min), 92,136,947 distinct states found (67,924 ds/min), 7,668,269 states left on queue.
Progress(31) at 2026-05-09 06:44:25: 1,039,382,179 states generated (1,349,454 s/min), 92,246,194 distinct states found (109,247 ds/min), 7,648,693 states left on queue.
Progress(31) at 2026-05-09 06:45:25: 1,040,304,377 states generated (922,198 s/min), 92,320,749 distinct states found (74,555 ds/min), 7,642,234 states left on queue.
Progress(31) at 2026-05-09 06:46:25: 1,041,151,970 states generated (847,593 s/min), 92,386,476 distinct states found (65,727 ds/min), 7,634,749 states left on queue.
Progress(31) at 2026-05-09 06:47:25: 1,042,218,226 states generated (1,066,256 s/min), 92,468,954 distinct states found (82,478 ds/min), 7,621,797 states left on queue.
Progress(31) at 2026-05-09 06:48:25: 1,043,527,639 states generated (1,309,413 s/min), 92,585,647 distinct states found (116,693 ds/min), 7,596,207 states left on queue.
Progress(31) at 2026-05-09 06:49:25: 1,044,709,769 states generated (1,182,130 s/min), 92,684,232 distinct states found (98,585 ds/min), 7,576,092 states left on queue.
Progress(31) at 2026-05-09 06:50:25: 1,046,083,043 states generated (1,373,274 s/min), 92,792,571 distinct states found (108,339 ds/min), 7,550,234 states left on queue.
Progress(31) at 2026-05-09 06:51:25: 1,047,185,760 states generated (1,102,717 s/min), 92,877,907 distinct states found (85,336 ds/min), 7,533,485 states left on queue.
Progress(31) at 2026-05-09 06:52:25: 1,048,582,090 states generated (1,396,330 s/min), 92,991,509 distinct states found (113,602 ds/min), 7,508,953 states left on queue.
Progress(31) at 2026-05-09 06:53:25: 1,049,825,646 states generated (1,243,556 s/min), 93,101,607 distinct states found (110,098 ds/min), 7,493,003 states left on queue.
Progress(31) at 2026-05-09 06:54:25: 1,050,920,961 states generated (1,095,315 s/min), 93,193,370 distinct states found (91,763 ds/min), 7,480,736 states left on queue.
Progress(32) at 2026-05-09 06:55:25: 1,052,035,813 states generated (1,114,852 s/min), 93,295,878 distinct states found (102,508 ds/min), 7,460,476 states left on queue.
Progress(32) at 2026-05-09 06:56:25: 1,053,012,014 states generated (976,201 s/min), 93,390,424 distinct states found (94,546 ds/min), 7,448,171 states left on queue.
Progress(32) at 2026-05-09 06:57:25: 1,053,733,360 states generated (721,346 s/min), 93,468,037 distinct states found (77,613 ds/min), 7,442,791 states left on queue.
Progress(32) at 2026-05-09 06:58:25: 1,054,298,389 states generated (565,029 s/min), 93,530,123 distinct states found (62,086 ds/min), 7,442,092 states left on queue.
Progress(32) at 2026-05-09 06:59:25: 1,054,880,552 states generated (582,163 s/min), 93,592,195 distinct states found (62,072 ds/min), 7,440,308 states left on queue.
Progress(32) at 2026-05-09 07:00:25: 1,055,446,665 states generated (566,113 s/min), 93,647,878 distinct states found (55,683 ds/min), 7,437,677 states left on queue.
Progress(32) at 2026-05-09 07:01:25: 1,055,994,845 states generated (548,180 s/min), 93,705,097 distinct states found (57,219 ds/min), 7,435,594 states left on queue.
Progress(32) at 2026-05-09 07:02:25: 1,056,525,149 states generated (530,304 s/min), 93,758,073 distinct states found (52,976 ds/min), 7,433,381 states left on queue.
Progress(32) at 2026-05-09 07:03:25: 1,057,099,817 states generated (574,668 s/min), 93,810,376 distinct states found (52,303 ds/min), 7,429,226 states left on queue.
Progress(32) at 2026-05-09 07:04:25: 1,057,638,647 states generated (538,830 s/min), 93,859,119 distinct states found (48,743 ds/min), 7,424,689 states left on queue.
Progress(32) at 2026-05-09 07:05:25: 1,058,599,909 states generated (961,262 s/min), 93,943,954 distinct states found (84,835 ds/min), 7,409,944 states left on queue.
Progress(32) at 2026-05-09 07:06:25: 1,059,788,935 states generated (1,189,026 s/min), 94,051,154 distinct states found (107,200 ds/min), 7,390,169 states left on queue.
Progress(32) at 2026-05-09 07:07:25: 1,060,877,044 states generated (1,088,109 s/min), 94,146,901 distinct states found (95,747 ds/min), 7,373,511 states left on queue.
Checkpointing of run states/26-05-08-18-37-16
Checkpointing completed at (2026-05-09 07:08:25)
Progress(32) at 2026-05-09 07:08:25: 1,061,962,433 states generated (1,085,389 s/min), 94,245,092 distinct states found (98,191 ds/min), 7,358,258 states left on queue.
Progress(32) at 2026-05-09 07:09:25: 1,063,080,579 states generated (1,118,146 s/min), 94,346,194 distinct states found (101,102 ds/min), 7,340,684 states left on queue.
Progress(32) at 2026-05-09 07:10:25: 1,063,860,118 states generated (779,539 s/min), 94,422,325 distinct states found (76,131 ds/min), 7,335,075 states left on queue.
Progress(32) at 2026-05-09 07:11:25: 1,064,515,314 states generated (655,196 s/min), 94,486,169 distinct states found (63,844 ds/min), 7,331,113 states left on queue.
Progress(32) at 2026-05-09 07:12:25: 1,065,312,679 states generated (797,365 s/min), 94,558,712 distinct states found (72,543 ds/min), 7,323,395 states left on queue.
Progress(32) at 2026-05-09 07:13:25: 1,065,990,771 states generated (678,092 s/min), 94,624,617 distinct states found (65,905 ds/min), 7,320,001 states left on queue.
Progress(32) at 2026-05-09 07:14:25: 1,066,581,434 states generated (590,663 s/min), 94,682,416 distinct states found (57,799 ds/min), 7,317,746 states left on queue.
Progress(32) at 2026-05-09 07:15:25: 1,067,296,227 states generated (714,793 s/min), 94,749,719 distinct states found (67,303 ds/min), 7,313,784 states left on queue.
Progress(32) at 2026-05-09 07:16:25: 1,068,079,713 states generated (783,486 s/min), 94,819,498 distinct states found (69,779 ds/min), 7,306,517 states left on queue.
Progress(32) at 2026-05-09 07:17:25: 1,068,920,032 states generated (840,319 s/min), 94,894,225 distinct states found (74,727 ds/min), 7,297,523 states left on queue.
Progress(32) at 2026-05-09 07:18:25: 1,069,620,918 states generated (700,886 s/min), 94,960,850 distinct states found (66,625 ds/min), 7,293,741 states left on queue.
Progress(32) at 2026-05-09 07:19:25: 1,070,228,692 states generated (607,774 s/min), 95,017,223 distinct states found (56,373 ds/min), 7,290,206 states left on queue.
Progress(32) at 2026-05-09 07:20:25: 1,070,825,420 states generated (596,728 s/min), 95,068,367 distinct states found (51,144 ds/min), 7,285,356 states left on queue.
Progress(32) at 2026-05-09 07:21:25: 1,071,404,887 states generated (579,467 s/min), 95,120,502 distinct states found (52,135 ds/min), 7,282,020 states left on queue.
Progress(32) at 2026-05-09 07:22:25: 1,072,051,999 states generated (647,112 s/min), 95,176,244 distinct states found (55,742 ds/min), 7,276,427 states left on queue.
Progress(32) at 2026-05-09 07:23:25: 1,072,634,406 states generated (582,407 s/min), 95,227,477 distinct states found (51,233 ds/min), 7,273,006 states left on queue.
Progress(32) at 2026-05-09 07:24:25: 1,073,335,326 states generated (700,920 s/min), 95,288,330 distinct states found (60,853 ds/min), 7,266,238 states left on queue.
Progress(32) at 2026-05-09 07:25:25: 1,074,004,389 states generated (669,063 s/min), 95,345,663 distinct states found (57,333 ds/min), 7,260,540 states left on queue.
Progress(32) at 2026-05-09 07:26:25: 1,074,845,052 states generated (840,663 s/min), 95,414,718 distinct states found (69,055 ds/min), 7,249,363 states left on queue.
Progress(32) at 2026-05-09 07:27:25: 1,075,715,320 states generated (870,268 s/min), 95,491,202 distinct states found (76,484 ds/min), 7,240,743 states left on queue.
Progress(32) at 2026-05-09 07:28:25: 1,076,682,108 states generated (966,788 s/min), 95,569,346 distinct states found (78,144 ds/min), 7,228,698 states left on queue.
Progress(32) at 2026-05-09 07:29:25: 1,077,461,739 states generated (779,631 s/min), 95,634,441 distinct states found (65,095 ds/min), 7,218,230 states left on queue.
Progress(32) at 2026-05-09 07:30:25: 1,078,416,552 states generated (954,813 s/min), 95,727,973 distinct states found (93,532 ds/min), 7,203,127 states left on queue.
Progress(32) at 2026-05-09 07:31:25: 1,079,403,627 states generated (987,075 s/min), 95,815,706 distinct states found (87,733 ds/min), 7,183,662 states left on queue.
Progress(32) at 2026-05-09 07:32:25: 1,080,564,671 states generated (1,161,044 s/min), 95,917,529 distinct states found (101,823 ds/min), 7,158,145 states left on queue.
Progress(32) at 2026-05-09 07:33:25: 1,081,554,403 states generated (989,732 s/min), 96,004,148 distinct states found (86,619 ds/min), 7,139,736 states left on queue.
Progress(32) at 2026-05-09 07:34:25: 1,082,646,897 states generated (1,092,494 s/min), 96,097,614 distinct states found (93,466 ds/min), 7,116,465 states left on queue.
Progress(32) at 2026-05-09 07:35:25: 1,083,861,060 states generated (1,214,163 s/min), 96,198,840 distinct states found (101,226 ds/min), 7,094,365 states left on queue.
Progress(32) at 2026-05-09 07:36:25: 1,084,740,646 states generated (879,586 s/min), 96,269,816 distinct states found (70,976 ds/min), 7,083,599 states left on queue.
Progress(32) at 2026-05-09 07:37:25: 1,085,851,890 states generated (1,111,244 s/min), 96,367,057 distinct states found (97,241 ds/min), 7,060,364 states left on queue.
Checkpointing of run states/26-05-08-18-37-16
Checkpointing completed at (2026-05-09 07:38:25)
Progress(32) at 2026-05-09 07:38:25: 1,086,932,571 states generated (1,080,681 s/min), 96,457,746 distinct states found (90,689 ds/min), 7,037,527 states left on queue.
Progress(32) at 2026-05-09 07:39:25: 1,088,247,783 states generated (1,315,212 s/min), 96,568,972 distinct states found (111,226 ds/min), 7,008,841 states left on queue.
Progress(32) at 2026-05-09 07:40:25: 1,089,230,535 states generated (982,752 s/min), 96,667,479 distinct states found (98,507 ds/min), 6,997,425 states left on queue.
Progress(32) at 2026-05-09 07:41:25: 1,090,048,119 states generated (817,584 s/min), 96,750,030 distinct states found (82,551 ds/min), 6,989,385 states left on queue.
Progress(32) at 2026-05-09 07:42:25: 1,090,659,118 states generated (610,999 s/min), 96,816,012 distinct states found (65,982 ds/min), 6,987,560 states left on queue.
Progress(32) at 2026-05-09 07:43:25: 1,091,253,738 states generated (594,620 s/min), 96,879,674 distinct states found (63,662 ds/min), 6,984,965 states left on queue.
Progress(32) at 2026-05-09 07:44:25: 1,091,827,427 states generated (573,689 s/min), 96,939,425 distinct states found (59,751 ds/min), 6,982,703 states left on queue.
Progress(32) at 2026-05-09 07:45:25: 1,092,419,102 states generated (591,675 s/min), 96,996,544 distinct states found (57,119 ds/min), 6,979,760 states left on queue.
Progress(32) at 2026-05-09 07:46:25: 1,092,936,369 states generated (517,267 s/min), 97,050,187 distinct states found (53,643 ds/min), 6,977,642 states left on queue.
Progress(32) at 2026-05-09 07:47:25: 1,093,471,717 states generated (535,348 s/min), 97,101,511 distinct states found (51,324 ds/min), 6,974,878 states left on queue.
Progress(32) at 2026-05-09 07:48:25: 1,094,080,085 states generated (608,368 s/min), 97,156,446 distinct states found (54,935 ds/min), 6,968,983 states left on queue.
Progress(32) at 2026-05-09 07:49:25: 1,094,721,782 states generated (641,697 s/min), 97,212,434 distinct states found (55,988 ds/min), 6,961,424 states left on queue.
Progress(32) at 2026-05-09 07:50:25: 1,095,846,283 states generated (1,124,501 s/min), 97,315,357 distinct states found (102,923 ds/min), 6,945,184 states left on queue.
Progress(32) at 2026-05-09 07:51:25: 1,096,922,815 states generated (1,076,532 s/min), 97,409,973 distinct states found (94,616 ds/min), 6,929,164 states left on queue.
Progress(32) at 2026-05-09 07:52:25: 1,097,908,465 states generated (985,650 s/min), 97,501,932 distinct states found (91,959 ds/min), 6,916,820 states left on queue.
Progress(32) at 2026-05-09 07:53:25: 1,098,616,685 states generated (708,220 s/min), 97,570,145 distinct states found (68,213 ds/min), 6,911,467 states left on queue.
Progress(32) at 2026-05-09 07:54:25: 1,099,228,118 states generated (611,433 s/min), 97,627,531 distinct states found (57,386 ds/min), 6,906,858 states left on queue.
Progress(32) at 2026-05-09 07:55:25: 1,100,087,507 states generated (859,389 s/min), 97,703,915 distinct states found (76,384 ds/min), 6,897,486 states left on queue.
Progress(32) at 2026-05-09 07:56:25: 1,101,062,011 states generated (974,504 s/min), 97,794,991 distinct states found (91,076 ds/min), 6,885,273 states left on queue.
Progress(32) at 2026-05-09 07:57:25: 1,101,883,209 states generated (821,198 s/min), 97,872,327 distinct states found (77,336 ds/min), 6,877,742 states left on queue.
Progress(32) at 2026-05-09 07:58:25: 1,102,633,332 states generated (750,123 s/min), 97,940,021 distinct states found (67,694 ds/min), 6,871,007 states left on queue.
Progress(32) at 2026-05-09 07:59:25: 1,103,414,916 states generated (781,584 s/min), 98,014,815 distinct states found (74,794 ds/min), 6,864,453 states left on queue.
Progress(32) at 2026-05-09 08:00:25: 1,104,068,243 states generated (653,327 s/min), 98,077,193 distinct states found (62,378 ds/min), 6,859,921 states left on queue.
Progress(32) at 2026-05-09 08:01:25: 1,104,771,672 states generated (703,429 s/min), 98,143,398 distinct states found (66,205 ds/min), 6,854,976 states left on queue.
Progress(32) at 2026-05-09 08:02:25: 1,105,447,576 states generated (675,904 s/min), 98,206,552 distinct states found (63,154 ds/min), 6,850,811 states left on queue.
Progress(32) at 2026-05-09 08:03:25: 1,106,083,539 states generated (635,963 s/min), 98,264,935 distinct states found (58,383 ds/min), 6,846,948 states left on queue.
Progress(32) at 2026-05-09 08:04:25: 1,106,833,441 states generated (749,902 s/min), 98,329,924 distinct states found (64,989 ds/min), 6,840,347 states left on queue.
Progress(32) at 2026-05-09 08:05:25: 1,107,474,732 states generated (641,291 s/min), 98,387,243 distinct states found (57,319 ds/min), 6,835,495 states left on queue.
Progress(32) at 2026-05-09 08:06:25: 1,108,189,001 states generated (714,269 s/min), 98,448,823 distinct states found (61,580 ds/min), 6,828,963 states left on queue.
Progress(32) at 2026-05-09 08:07:25: 1,108,743,797 states generated (554,796 s/min), 98,498,381 distinct states found (49,558 ds/min), 6,825,613 states left on queue.
Checkpointing of run states/26-05-08-18-37-16
Checkpointing completed at (2026-05-09 08:08:25)
Progress(32) at 2026-05-09 08:08:25: 1,109,333,292 states generated (589,495 s/min), 98,550,505 distinct states found (52,124 ds/min), 6,821,697 states left on queue.
Progress(32) at 2026-05-09 08:09:25: 1,109,934,832 states generated (601,540 s/min), 98,601,422 distinct states found (50,917 ds/min), 6,817,346 states left on queue.
Progress(32) at 2026-05-09 08:10:25: 1,110,718,464 states generated (783,632 s/min), 98,665,925 distinct states found (64,503 ds/min), 6,806,731 states left on queue.
Progress(32) at 2026-05-09 08:11:25: 1,111,871,090 states generated (1,152,626 s/min), 98,764,238 distinct states found (98,313 ds/min), 6,789,025 states left on queue.
Progress(32) at 2026-05-09 08:12:25: 1,112,640,843 states generated (769,753 s/min), 98,829,502 distinct states found (65,264 ds/min), 6,782,869 states left on queue.
Progress(32) at 2026-05-09 08:13:25: 1,113,319,103 states generated (678,260 s/min), 98,884,342 distinct states found (54,840 ds/min), 6,777,596 states left on queue.
Progress(32) at 2026-05-09 08:14:25: 1,114,563,511 states generated (1,244,408 s/min), 98,984,463 distinct states found (100,121 ds/min), 6,755,148 states left on queue.
Progress(32) at 2026-05-09 08:15:25: 1,115,485,944 states generated (922,433 s/min), 99,060,585 distinct states found (76,122 ds/min), 6,745,267 states left on queue.
Progress(32) at 2026-05-09 08:16:25: 1,116,249,538 states generated (763,594 s/min), 99,120,713 distinct states found (60,128 ds/min), 6,737,413 states left on queue.
Progress(32) at 2026-05-09 08:17:25: 1,117,238,146 states generated (988,608 s/min), 99,199,128 distinct states found (78,415 ds/min), 6,722,824 states left on queue.
Progress(32) at 2026-05-09 08:18:25: 1,118,404,914 states generated (1,166,768 s/min), 99,303,577 distinct states found (104,449 ds/min), 6,698,175 states left on queue.
Progress(32) at 2026-05-09 08:19:25: 1,119,604,635 states generated (1,199,721 s/min), 99,401,639 distinct states found (98,062 ds/min), 6,670,782 states left on queue.
Progress(32) at 2026-05-09 08:20:25: 1,120,673,025 states generated (1,068,390 s/min), 99,487,625 distinct states found (85,986 ds/min), 6,654,049 states left on queue.
Progress(32) at 2026-05-09 08:21:25: 1,121,826,058 states generated (1,153,033 s/min), 99,580,817 distinct states found (93,192 ds/min), 6,629,628 states left on queue.
Progress(32) at 2026-05-09 08:22:25: 1,123,048,759 states generated (1,222,701 s/min), 99,685,964 distinct states found (105,147 ds/min), 6,607,757 states left on queue.
Progress(32) at 2026-05-09 08:23:25: 1,124,213,449 states generated (1,164,690 s/min), 99,785,943 distinct states found (99,979 ds/min), 6,591,768 states left on queue.
Progress(33) at 2026-05-09 08:24:25: 1,125,242,263 states generated (1,028,814 s/min), 99,880,735 distinct states found (94,792 ds/min), 6,569,926 states left on queue.
Progress(33) at 2026-05-09 08:25:25: 1,126,169,591 states generated (927,328 s/min), 99,969,465 distinct states found (88,730 ds/min), 6,554,569 states left on queue.
Progress(33) at 2026-05-09 08:26:25: 1,126,750,928 states generated (581,337 s/min), 100,035,871 distinct states found (66,406 ds/min), 6,550,557 states left on queue.
Progress(33) at 2026-05-09 08:27:25: 1,127,300,623 states generated (549,695 s/min), 100,095,171 distinct states found (59,300 ds/min), 6,547,419 states left on queue.
Progress(33) at 2026-05-09 08:28:25: 1,127,852,387 states generated (551,764 s/min), 100,151,579 distinct states found (56,408 ds/min), 6,542,826 states left on queue.
Progress(33) at 2026-05-09 08:29:25: 1,128,409,801 states generated (557,414 s/min), 100,204,834 distinct states found (53,255 ds/min), 6,537,932 states left on queue.
Progress(33) at 2026-05-09 08:30:25: 1,128,914,252 states generated (504,451 s/min), 100,256,732 distinct states found (51,898 ds/min), 6,533,920 states left on queue.
Progress(33) at 2026-05-09 08:31:25: 1,129,416,199 states generated (501,947 s/min), 100,305,529 distinct states found (48,797 ds/min), 6,530,138 states left on queue.
Progress(33) at 2026-05-09 08:32:25: 1,129,959,940 states generated (543,741 s/min), 100,355,409 distinct states found (49,880 ds/min), 6,524,983 states left on queue.
Progress(33) at 2026-05-09 08:33:25: 1,130,569,437 states generated (609,497 s/min), 100,409,883 distinct states found (54,474 ds/min), 6,517,537 states left on queue.
Progress(33) at 2026-05-09 08:34:25: 1,131,664,329 states generated (1,094,892 s/min), 100,509,712 distinct states found (99,829 ds/min), 6,495,928 states left on queue.
Progress(33) at 2026-05-09 08:35:25: 1,132,704,934 states generated (1,040,605 s/min), 100,600,005 distinct states found (90,293 ds/min), 6,475,022 states left on queue.
Progress(33) at 2026-05-09 08:36:25: 1,133,750,331 states generated (1,045,397 s/min), 100,694,307 distinct states found (94,302 ds/min), 6,455,342 states left on queue.
Progress(33) at 2026-05-09 08:37:25: 1,134,794,867 states generated (1,044,536 s/min), 100,789,888 distinct states found (95,581 ds/min), 6,436,659 states left on queue.
Checkpointing of run states/26-05-08-18-37-16
Checkpointing completed at (2026-05-09 08:38:25)
Progress(33) at 2026-05-09 08:38:25: 1,135,500,971 states generated (706,104 s/min), 100,858,925 distinct states found (69,037 ds/min), 6,429,177 states left on queue.
Progress(33) at 2026-05-09 08:39:25: 1,136,137,638 states generated (636,667 s/min), 100,920,175 distinct states found (61,250 ds/min), 6,422,702 states left on queue.
Progress(33) at 2026-05-09 08:40:25: 1,136,856,335 states generated (718,697 s/min), 100,986,554 distinct states found (66,379 ds/min), 6,414,534 states left on queue.
Progress(33) at 2026-05-09 08:41:25: 1,137,489,391 states generated (633,056 s/min), 101,048,269 distinct states found (61,715 ds/min), 6,409,013 states left on queue.
Progress(33) at 2026-05-09 08:42:25: 1,138,097,471 states generated (608,080 s/min), 101,106,197 distinct states found (57,928 ds/min), 6,403,670 states left on queue.
Progress(33) at 2026-05-09 08:43:25: 1,138,780,732 states generated (683,261 s/min), 101,170,332 distinct states found (64,135 ds/min), 6,396,791 states left on queue.
Progress(33) at 2026-05-09 08:44:25: 1,139,566,207 states generated (785,475 s/min), 101,238,950 distinct states found (68,618 ds/min), 6,385,062 states left on queue.
Progress(33) at 2026-05-09 08:45:25: 1,140,270,645 states generated (704,438 s/min), 101,304,442 distinct states found (65,492 ds/min), 6,377,129 states left on queue.
Progress(33) at 2026-05-09 08:46:25: 1,140,903,682 states generated (633,037 s/min), 101,363,036 distinct states found (58,594 ds/min), 6,371,001 states left on queue.
Progress(33) at 2026-05-09 08:47:25: 1,141,441,221 states generated (537,539 s/min), 101,411,678 distinct states found (48,642 ds/min), 6,366,271 states left on queue.
Progress(33) at 2026-05-09 08:48:25: 1,142,014,310 states generated (573,089 s/min), 101,461,669 distinct states found (49,991 ds/min), 6,360,612 states left on queue.
Progress(33) at 2026-05-09 08:49:25: 1,142,617,454 states generated (603,144 s/min), 101,514,142 distinct states found (52,473 ds/min), 6,353,950 states left on queue.
Progress(33) at 2026-05-09 08:50:25: 1,143,158,795 states generated (541,341 s/min), 101,562,541 distinct states found (48,399 ds/min), 6,349,215 states left on queue.
Progress(33) at 2026-05-09 08:51:25: 1,143,805,760 states generated (646,965 s/min), 101,618,509 distinct states found (55,968 ds/min), 6,341,375 states left on queue.
Progress(33) at 2026-05-09 08:52:25: 1,144,420,301 states generated (614,541 s/min), 101,672,795 distinct states found (54,286 ds/min), 6,335,345 states left on queue.
Progress(33) at 2026-05-09 08:53:25: 1,145,147,825 states generated (727,524 s/min), 101,733,049 distinct states found (60,254 ds/min), 6,324,883 states left on queue.
Progress(33) at 2026-05-09 08:54:25: 1,145,887,467 states generated (739,642 s/min), 101,797,986 distinct states found (64,937 ds/min), 6,313,546 states left on queue.
Progress(33) at 2026-05-09 08:55:25: 1,146,749,235 states generated (861,768 s/min), 101,868,948 distinct states found (70,962 ds/min), 6,300,652 states left on queue.
Progress(33) at 2026-05-09 08:56:25: 1,147,477,196 states generated (727,961 s/min), 101,929,626 distinct states found (60,678 ds/min), 6,288,206 states left on queue.
Progress(33) at 2026-05-09 08:57:25: 1,148,377,472 states generated (900,276 s/min), 102,015,658 distinct states found (86,032 ds/min), 6,268,746 states left on queue.
Progress(33) at 2026-05-09 08:58:25: 1,149,398,875 states generated (1,021,403 s/min), 102,105,560 distinct states found (89,902 ds/min), 6,241,437 states left on queue.
Progress(33) at 2026-05-09 08:59:25: 1,150,398,357 states generated (999,482 s/min), 102,191,442 distinct states found (85,882 ds/min), 6,216,046 states left on queue.
Progress(33) at 2026-05-09 09:00:25: 1,151,310,331 states generated (911,974 s/min), 102,271,744 distinct states found (80,302 ds/min), 6,195,910 states left on queue.
Progress(33) at 2026-05-09 09:01:25: 1,152,468,932 states generated (1,158,601 s/min), 102,368,124 distinct states found (96,380 ds/min), 6,167,939 states left on queue.
Progress(33) at 2026-05-09 09:02:25: 1,153,323,248 states generated (854,316 s/min), 102,437,581 distinct states found (69,457 ds/min), 6,152,514 states left on queue.
Progress(33) at 2026-05-09 09:03:25: 1,154,317,269 states generated (994,021 s/min), 102,525,047 distinct states found (87,466 ds/min), 6,128,053 states left on queue.
Progress(33) at 2026-05-09 09:04:25: 1,155,418,231 states generated (1,100,962 s/min), 102,614,440 distinct states found (89,393 ds/min), 6,098,090 states left on queue.
Progress(33) at 2026-05-09 09:05:25: 1,156,495,571 states generated (1,077,340 s/min), 102,718,188 distinct states found (103,748 ds/min), 6,077,704 states left on queue.
Progress(33) at 2026-05-09 09:06:25: 1,157,353,618 states generated (858,047 s/min), 102,802,430 distinct states found (84,242 ds/min), 6,064,528 states left on queue.
Progress(33) at 2026-05-09 09:07:25: 1,157,920,685 states generated (567,067 s/min), 102,864,672 distinct states found (62,242 ds/min), 6,061,284 states left on queue.
Checkpointing of run states/26-05-08-18-37-16
Checkpointing completed at (2026-05-09 09:08:25)
Progress(33) at 2026-05-09 09:08:25: 1,158,489,242 states generated (568,557 s/min), 102,925,213 distinct states found (60,541 ds/min), 6,056,236 states left on queue.
Progress(33) at 2026-05-09 09:09:25: 1,159,053,374 states generated (564,132 s/min), 102,982,728 distinct states found (57,515 ds/min), 6,051,430 states left on queue.
Progress(33) at 2026-05-09 09:10:25: 1,159,620,248 states generated (566,874 s/min), 103,036,736 distinct states found (54,008 ds/min), 6,046,198 states left on queue.
Progress(33) at 2026-05-09 09:11:25: 1,160,121,829 states generated (501,581 s/min), 103,087,890 distinct states found (51,154 ds/min), 6,042,288 states left on queue.
Progress(33) at 2026-05-09 09:12:25: 1,160,631,770 states generated (509,941 s/min), 103,137,002 distinct states found (49,112 ds/min), 6,038,318 states left on queue.
Progress(33) at 2026-05-09 09:13:25: 1,161,200,552 states generated (568,782 s/min), 103,189,133 distinct states found (52,131 ds/min), 6,032,204 states left on queue.
Progress(33) at 2026-05-09 09:14:25: 1,161,836,996 states generated (636,444 s/min), 103,246,280 distinct states found (57,147 ds/min), 6,024,045 states left on queue.
Progress(33) at 2026-05-09 09:15:25: 1,162,871,981 states generated (1,034,985 s/min), 103,339,053 distinct states found (92,773 ds/min), 6,004,439 states left on queue.
Progress(33) at 2026-05-09 09:16:25: 1,163,897,058 states generated (1,025,077 s/min), 103,431,561 distinct states found (92,508 ds/min), 5,986,077 states left on queue.
Progress(33) at 2026-05-09 09:17:25: 1,164,670,652 states generated (773,594 s/min), 103,505,566 distinct states found (74,005 ds/min), 5,976,112 states left on queue.
Progress(33) at 2026-05-09 09:18:25: 1,165,324,333 states generated (653,681 s/min), 103,568,438 distinct states found (62,872 ds/min), 5,968,510 states left on queue.
Progress(33) at 2026-05-09 09:19:25: 1,166,061,001 states generated (736,668 s/min), 103,633,598 distinct states found (65,160 ds/min), 5,958,792 states left on queue.
Progress(33) at 2026-05-09 09:20:25: 1,167,019,652 states generated (958,651 s/min), 103,722,597 distinct states found (88,999 ds/min), 5,943,313 states left on queue.
Progress(33) at 2026-05-09 09:21:25: 1,167,786,566 states generated (766,914 s/min), 103,794,427 distinct states found (71,830 ds/min), 5,933,237 states left on queue.
Progress(33) at 2026-05-09 09:22:25: 1,168,481,786 states generated (695,220 s/min), 103,857,614 distinct states found (63,187 ds/min), 5,924,576 states left on queue.
Progress(33) at 2026-05-09 09:23:25: 1,169,229,257 states generated (747,471 s/min), 103,928,929 distinct states found (71,315 ds/min), 5,916,061 states left on queue.
Progress(33) at 2026-05-09 09:24:25: 1,169,849,120 states generated (619,863 s/min), 103,988,200 distinct states found (59,271 ds/min), 5,909,919 states left on queue.
Progress(33) at 2026-05-09 09:25:25: 1,170,514,801 states generated (665,681 s/min), 104,051,150 distinct states found (62,950 ds/min), 5,902,627 states left on queue.
Progress(33) at 2026-05-09 09:26:25: 1,171,161,892 states generated (647,091 s/min), 104,110,796 distinct states found (59,646 ds/min), 5,896,501 states left on queue.
Progress(33) at 2026-05-09 09:27:25: 1,171,751,591 states generated (589,699 s/min), 104,165,120 distinct states found (54,324 ds/min), 5,891,013 states left on queue.
Progress(33) at 2026-05-09 09:28:25: 1,172,435,542 states generated (683,951 s/min), 104,224,749 distinct states found (59,629 ds/min), 5,882,293 states left on queue.
Progress(33) at 2026-05-09 09:29:25: 1,173,115,679 states generated (680,137 s/min), 104,283,614 distinct states found (58,865 ds/min), 5,873,425 states left on queue.
Progress(33) at 2026-05-09 09:30:25: 1,173,695,319 states generated (579,640 s/min), 104,334,608 distinct states found (50,994 ds/min), 5,867,836 states left on queue.
Progress(33) at 2026-05-09 09:31:25: 1,174,223,231 states generated (527,912 s/min), 104,382,345 distinct states found (47,737 ds/min), 5,863,370 states left on queue.
Progress(33) at 2026-05-09 09:32:25: 1,174,796,910 states generated (573,679 s/min), 104,432,893 distinct states found (50,548 ds/min), 5,858,204 states left on queue.
Progress(33) at 2026-05-09 09:33:25: 1,175,382,248 states generated (585,338 s/min), 104,482,243 distinct states found (49,350 ds/min), 5,852,021 states left on queue.
Progress(33) at 2026-05-09 09:34:25: 1,176,385,789 states generated (1,003,541 s/min), 104,567,226 distinct states found (84,983 ds/min), 5,833,041 states left on queue.
Progress(33) at 2026-05-09 09:35:25: 1,177,146,752 states generated (760,963 s/min), 104,633,551 distinct states found (66,325 ds/min), 5,823,485 states left on queue.
Progress(33) at 2026-05-09 09:36:25: 1,177,836,244 states generated (689,492 s/min), 104,689,914 distinct states found (56,363 ds/min), 5,814,919 states left on queue.
Progress(33) at 2026-05-09 09:37:25: 1,178,900,150 states generated (1,063,906 s/min), 104,776,316 distinct states found (86,402 ds/min), 5,794,188 states left on queue.
Checkpointing of run states/26-05-08-18-37-16
Checkpointing completed at (2026-05-09 09:38:25)
Progress(33) at 2026-05-09 09:38:25: 1,179,750,687 states generated (850,537 s/min), 104,846,925 distinct states found (70,609 ds/min), 5,782,059 states left on queue.
Progress(33) at 2026-05-09 09:39:25: 1,180,515,523 states generated (764,836 s/min), 104,907,809 distinct states found (60,884 ds/min), 5,771,086 states left on queue.
Progress(33) at 2026-05-09 09:40:25: 1,181,511,303 states generated (995,780 s/min), 104,989,230 distinct states found (81,421 ds/min), 5,748,395 states left on queue.
Progress(33) at 2026-05-09 09:41:25: 1,182,515,259 states generated (1,003,956 s/min), 105,077,031 distinct states found (87,801 ds/min), 5,723,501 states left on queue.
Progress(33) at 2026-05-09 09:42:25: 1,183,600,024 states generated (1,084,765 s/min), 105,165,499 distinct states found (88,468 ds/min), 5,698,317 states left on queue.
Progress(33) at 2026-05-09 09:43:25: 1,184,627,739 states generated (1,027,715 s/min), 105,248,314 distinct states found (82,815 ds/min), 5,673,708 states left on queue.
Progress(33) at 2026-05-09 09:44:25: 1,185,739,021 states generated (1,111,282 s/min), 105,345,158 distinct states found (96,844 ds/min), 5,650,885 states left on queue.
Progress(34) at 2026-05-09 09:45:25: 1,186,768,593 states generated (1,029,572 s/min), 105,433,998 distinct states found (88,840 ds/min), 5,633,551 states left on queue.
Progress(34) at 2026-05-09 09:46:25: 1,187,715,636 states generated (947,043 s/min), 105,523,354 distinct states found (89,356 ds/min), 5,610,327 states left on queue.
Progress(34) at 2026-05-09 09:47:25: 1,188,475,226 states generated (759,590 s/min), 105,599,028 distinct states found (75,674 ds/min), 5,595,876 states left on queue.
Progress(34) at 2026-05-09 09:48:25: 1,188,983,838 states generated (508,612 s/min), 105,655,735 distinct states found (56,707 ds/min), 5,591,443 states left on queue.
Progress(34) at 2026-05-09 09:49:25: 1,189,522,810 states generated (538,972 s/min), 105,713,020 distinct states found (57,285 ds/min), 5,585,915 states left on queue.
Progress(34) at 2026-05-09 09:50:25: 1,190,038,829 states generated (516,019 s/min), 105,764,106 distinct states found (51,086 ds/min), 5,581,034 states left on queue.
Progress(34) at 2026-05-09 09:51:25: 1,190,542,567 states generated (503,738 s/min), 105,816,273 distinct states found (52,167 ds/min), 5,576,338 states left on queue.
Progress(34) at 2026-05-09 09:52:25: 1,191,031,557 states generated (488,990 s/min), 105,864,557 distinct states found (48,284 ds/min), 5,571,661 states left on queue.
Progress(34) at 2026-05-09 09:53:25: 1,191,542,861 states generated (511,304 s/min), 105,911,081 distinct states found (46,524 ds/min), 5,565,113 states left on queue.
Progress(34) at 2026-05-09 09:54:25: 1,191,964,174 states generated (421,313 s/min), 105,948,284 distinct states found (37,203 ds/min), 5,559,088 states left on queue.
Progress(34) at 2026-05-09 09:55:25: 1,192,939,069 states generated (974,895 s/min), 106,035,807 distinct states found (87,523 ds/min), 5,534,256 states left on queue.
Progress(34) at 2026-05-09 09:56:25: 1,193,918,574 states generated (979,505 s/min), 106,121,339 distinct states found (85,532 ds/min), 5,510,377 states left on queue.
Progress(34) at 2026-05-09 09:57:25: 1,194,905,667 states generated (987,093 s/min), 106,209,008 distinct states found (87,669 ds/min), 5,486,385 states left on queue.
Progress(34) at 2026-05-09 09:58:25: 1,195,771,367 states generated (865,700 s/min), 106,291,127 distinct states found (82,119 ds/min), 5,468,333 states left on queue.
Progress(34) at 2026-05-09 09:59:25: 1,196,359,649 states generated (588,282 s/min), 106,349,407 distinct states found (58,280 ds/min), 5,461,030 states left on queue.
Progress(34) at 2026-05-09 10:00:25: 1,197,033,138 states generated (673,489 s/min), 106,410,874 distinct states found (61,467 ds/min), 5,450,421 states left on queue.
Progress(34) at 2026-05-09 10:01:25: 1,197,664,956 states generated (631,818 s/min), 106,472,462 distinct states found (61,588 ds/min), 5,442,086 states left on queue.
Progress(34) at 2026-05-09 10:02:25: 1,198,200,710 states generated (535,754 s/min), 106,525,111 distinct states found (52,649 ds/min), 5,436,777 states left on queue.
Progress(34) at 2026-05-09 10:03:25: 1,198,837,182 states generated (636,472 s/min), 106,585,363 distinct states found (60,252 ds/min), 5,428,541 states left on queue.
Progress(34) at 2026-05-09 10:04:25: 1,199,552,965 states generated (715,783 s/min), 106,648,637 distinct states found (63,274 ds/min), 5,416,371 states left on queue.
Progress(34) at 2026-05-09 10:05:25: 1,200,226,643 states generated (673,678 s/min), 106,711,601 distinct states found (62,964 ds/min), 5,406,037 states left on queue.
Progress(34) at 2026-05-09 10:06:25: 1,200,811,785 states generated (585,142 s/min), 106,766,799 distinct states found (55,198 ds/min), 5,399,254 states left on queue.
Progress(34) at 2026-05-09 10:07:25: 1,201,316,192 states generated (504,407 s/min), 106,811,925 distinct states found (45,126 ds/min), 5,393,179 states left on queue.
Checkpointing of run states/26-05-08-18-37-16
Checkpointing completed at (2026-05-09 10:08:25)
Progress(34) at 2026-05-09 10:08:25: 1,201,854,643 states generated (538,451 s/min), 106,859,748 distinct states found (47,823 ds/min), 5,386,828 states left on queue.
Progress(34) at 2026-05-09 10:09:25: 1,202,415,487 states generated (560,844 s/min), 106,908,877 distinct states found (49,129 ds/min), 5,378,799 states left on queue.
Progress(34) at 2026-05-09 10:10:25: 1,202,950,384 states generated (534,897 s/min), 106,955,646 distinct states found (46,769 ds/min), 5,372,751 states left on queue.
Progress(34) at 2026-05-09 10:11:25: 1,203,552,307 states generated (601,923 s/min), 107,009,252 distinct states found (53,606 ds/min), 5,364,047 states left on queue.
Progress(34) at 2026-05-09 10:12:25: 1,204,153,691 states generated (601,384 s/min), 107,060,224 distinct states found (50,972 ds/min), 5,354,466 states left on queue.
Progress(34) at 2026-05-09 10:13:25: 1,204,967,825 states generated (814,134 s/min), 107,129,938 distinct states found (69,714 ds/min), 5,337,761 states left on queue.
Progress(34) at 2026-05-09 10:14:25: 1,205,728,280 states generated (760,455 s/min), 107,194,312 distinct states found (64,374 ds/min), 5,324,367 states left on queue.
Progress(34) at 2026-05-09 10:15:25: 1,206,414,695 states generated (686,415 s/min), 107,253,418 distinct states found (59,106 ds/min), 5,310,600 states left on queue.
Progress(34) at 2026-05-09 10:16:25: 1,207,278,730 states generated (864,035 s/min), 107,333,695 distinct states found (80,277 ds/min), 5,288,386 states left on queue.
Progress(34) at 2026-05-09 10:17:25: 1,208,255,925 states generated (977,195 s/min), 107,418,543 distinct states found (84,848 ds/min), 5,258,595 states left on queue.
Progress(34) at 2026-05-09 10:18:25: 1,209,133,141 states generated (877,216 s/min), 107,495,808 distinct states found (77,265 ds/min), 5,236,013 states left on queue.
Progress(34) at 2026-05-09 10:19:25: 1,210,162,306 states generated (1,029,165 s/min), 107,581,555 distinct states found (85,747 ds/min), 5,206,920 states left on queue.
Progress(34) at 2026-05-09 10:20:25: 1,210,982,315 states generated (820,009 s/min), 107,649,378 distinct states found (67,823 ds/min), 5,187,723 states left on queue.
Progress(34) at 2026-05-09 10:21:25: 1,211,913,859 states generated (931,544 s/min), 107,729,530 distinct states found (80,152 ds/min), 5,161,188 states left on queue.
Progress(34) at 2026-05-09 10:22:25: 1,212,969,885 states generated (1,056,026 s/min), 107,823,833 distinct states found (94,303 ds/min), 5,131,415 states left on queue.
Progress(34) at 2026-05-09 10:23:25: 1,213,848,711 states generated (878,826 s/min), 107,908,163 distinct states found (84,330 ds/min), 5,112,719 states left on queue.
Progress(34) at 2026-05-09 10:24:25: 1,214,386,765 states generated (538,054 s/min), 107,966,840 distinct states found (58,677 ds/min), 5,107,267 states left on queue.
Progress(34) at 2026-05-09 10:25:25: 1,214,922,898 states generated (536,133 s/min), 108,025,040 distinct states found (58,200 ds/min), 5,101,250 states left on queue.
Progress(34) at 2026-05-09 10:26:25: 1,215,460,313 states generated (537,415 s/min), 108,080,107 distinct states found (55,067 ds/min), 5,095,505 states left on queue.
Progress(34) at 2026-05-09 10:27:25: 1,215,992,945 states generated (532,632 s/min), 108,132,239 distinct states found (52,132 ds/min), 5,090,122 states left on queue.
Progress(34) at 2026-05-09 10:28:25: 1,216,470,924 states generated (477,979 s/min), 108,181,425 distinct states found (49,186 ds/min), 5,085,650 states left on queue.
Progress(34) at 2026-05-09 10:29:25: 1,216,971,163 states generated (500,239 s/min), 108,228,645 distinct states found (47,220 ds/min), 5,080,316 states left on queue.
Progress(34) at 2026-05-09 10:30:25: 1,217,502,538 states generated (531,375 s/min), 108,276,054 distinct states found (47,409 ds/min), 5,072,043 states left on queue.
Progress(34) at 2026-05-09 10:31:25: 1,218,266,433 states generated (763,895 s/min), 108,345,423 distinct states found (69,369 ds/min), 5,055,821 states left on queue.
Progress(34) at 2026-05-09 10:32:25: 1,219,238,023 states generated (971,590 s/min), 108,430,084 distinct states found (84,661 ds/min), 5,032,430 states left on queue.
Progress(34) at 2026-05-09 10:33:25: 1,220,066,030 states generated (828,007 s/min), 108,507,356 distinct states found (77,272 ds/min), 5,015,710 states left on queue.
Progress(34) at 2026-05-09 10:34:25: 1,220,669,519 states generated (603,489 s/min), 108,566,777 distinct states found (59,421 ds/min), 5,007,276 states left on queue.
Progress(34) at 2026-05-09 10:35:25: 1,221,343,241 states generated (673,722 s/min), 108,627,643 distinct states found (60,866 ds/min), 4,996,841 states left on queue.
Progress(34) at 2026-05-09 10:36:25: 1,222,205,165 states generated (861,924 s/min), 108,707,780 distinct states found (80,137 ds/min), 4,978,800 states left on queue.
Progress(34) at 2026-05-09 10:37:25: 1,222,923,010 states generated (717,845 s/min), 108,774,623 distinct states found (66,843 ds/min), 4,966,748 states left on queue.
Checkpointing of run states/26-05-08-18-37-16
Checkpointing completed at (2026-05-09 10:38:25)
Progress(34) at 2026-05-09 10:38:25: 1,223,643,262 states generated (720,252 s/min), 108,840,861 distinct states found (66,238 ds/min), 4,954,697 states left on queue.
Progress(34) at 2026-05-09 10:39:25: 1,224,253,752 states generated (610,490 s/min), 108,900,189 distinct states found (59,328 ds/min), 4,946,553 states left on queue.
Progress(34) at 2026-05-09 10:40:25: 1,224,844,090 states generated (590,338 s/min), 108,956,850 distinct states found (56,661 ds/min), 4,938,630 states left on queue.
Progress(34) at 2026-05-09 10:41:25: 1,225,453,052 states generated (608,962 s/min), 109,014,832 distinct states found (57,982 ds/min), 4,930,944 states left on queue.
Progress(34) at 2026-05-09 10:42:25: 1,226,041,261 states generated (588,209 s/min), 109,068,925 distinct states found (54,093 ds/min), 4,923,246 states left on queue.
Progress(34) at 2026-05-09 10:43:25: 1,226,670,716 states generated (629,455 s/min), 109,124,492 distinct states found (55,567 ds/min), 4,914,476 states left on queue.
Progress(34) at 2026-05-09 10:44:25: 1,227,266,942 states generated (596,226 s/min), 109,177,467 distinct states found (52,975 ds/min), 4,906,067 states left on queue.
Progress(34) at 2026-05-09 10:45:25: 1,227,855,369 states generated (588,427 s/min), 109,229,285 distinct states found (51,818 ds/min), 4,897,774 states left on queue.
Progress(34) at 2026-05-09 10:46:25: 1,228,359,655 states generated (504,286 s/min), 109,274,403 distinct states found (45,118 ds/min), 4,891,907 states left on queue.
Progress(34) at 2026-05-09 10:47:25: 1,228,906,071 states generated (546,416 s/min), 109,322,856 distinct states found (48,453 ds/min), 4,885,767 states left on queue.
Progress(34) at 2026-05-09 10:48:25: 1,229,456,011 states generated (549,940 s/min), 109,368,742 distinct states found (45,886 ds/min), 4,877,452 states left on queue.
Progress(34) at 2026-05-09 10:49:25: 1,230,417,036 states generated (961,025 s/min), 109,450,994 distinct states found (82,252 ds/min), 4,854,371 states left on queue.
Progress(34) at 2026-05-09 10:50:25: 1,231,092,799 states generated (675,763 s/min), 109,508,978 distinct states found (57,984 ds/min), 4,844,154 states left on queue.
Progress(34) at 2026-05-09 10:51:25: 1,231,839,069 states generated (746,270 s/min), 109,569,881 distinct states found (60,903 ds/min), 4,829,822 states left on queue.
Progress(34) at 2026-05-09 10:52:25: 1,232,716,513 states generated (877,444 s/min), 109,642,690 distinct states found (72,809 ds/min), 4,811,571 states left on queue.
Progress(34) at 2026-05-09 10:53:25: 1,233,403,272 states generated (686,759 s/min), 109,698,728 distinct states found (56,038 ds/min), 4,800,541 states left on queue.
Progress(34) at 2026-05-09 10:54:31: 1,234,274,054 states generated (870,782 s/min), 109,769,930 distinct states found (71,202 ds/min), 4,777,453 states left on queue.
Progress(34) at 2026-05-09 10:55:31: 1,235,265,969 states generated (991,915 s/min), 109,854,948 distinct states found (85,018 ds/min), 4,747,833 states left on queue.
Progress(34) at 2026-05-09 10:56:31: 1,236,133,301 states generated (867,332 s/min), 109,925,250 distinct states found (70,302 ds/min), 4,728,512 states left on queue.
Progress(34) at 2026-05-09 10:57:31: 1,237,164,907 states generated (1,031,606 s/min), 110,012,268 distinct states found (87,018 ds/min), 4,697,989 states left on queue.
Progress(34) at 2026-05-09 10:58:31: 1,238,157,471 states generated (992,564 s/min), 110,099,816 distinct states found (87,548 ds/min), 4,676,851 states left on queue.
Progress(35) at 2026-05-09 10:59:31: 1,239,043,190 states generated (885,719 s/min), 110,183,230 distinct states found (83,414 ds/min), 4,653,593 states left on queue.
Progress(35) at 2026-05-09 11:00:31: 1,239,707,276 states generated (664,086 s/min), 110,252,110 distinct states found (68,880 ds/min), 4,640,773 states left on queue.
Progress(35) at 2026-05-09 11:01:31: 1,240,201,101 states generated (493,825 s/min), 110,306,898 distinct states found (54,788 ds/min), 4,635,378 states left on queue.
Progress(35) at 2026-05-09 11:02:31: 1,240,706,368 states generated (505,267 s/min), 110,358,960 distinct states found (52,062 ds/min), 4,628,144 states left on queue.
Progress(35) at 2026-05-09 11:03:31: 1,241,206,754 states generated (500,386 s/min), 110,407,486 distinct states found (48,526 ds/min), 4,620,611 states left on queue.
Progress(35) at 2026-05-09 11:04:31: 1,241,667,697 states generated (460,943 s/min), 110,454,387 distinct states found (46,901 ds/min), 4,613,820 states left on queue.
Progress(35) at 2026-05-09 11:05:31: 1,242,143,265 states generated (475,568 s/min), 110,499,568 distinct states found (45,181 ds/min), 4,607,436 states left on queue.
Progress(35) at 2026-05-09 11:06:31: 1,242,623,498 states generated (480,233 s/min), 110,543,655 distinct states found (44,087 ds/min), 4,600,881 states left on queue.
Progress(35) at 2026-05-09 11:07:31: 1,243,485,844 states generated (862,346 s/min), 110,620,973 distinct states found (77,318 ds/min), 4,576,938 states left on queue.
Checkpointing of run states/26-05-08-18-37-16
Checkpointing completed at (2026-05-09 11:08:31)
Progress(35) at 2026-05-09 11:08:31: 1,244,428,154 states generated (942,310 s/min), 110,705,220 distinct states found (84,247 ds/min), 4,550,887 states left on queue.
Progress(35) at 2026-05-09 11:09:31: 1,245,353,547 states generated (925,393 s/min), 110,788,406 distinct states found (83,186 ds/min), 4,525,587 states left on queue.
Progress(35) at 2026-05-09 11:10:31: 1,245,952,254 states generated (598,707 s/min), 110,847,608 distinct states found (59,202 ds/min), 4,515,746 states left on queue.
Progress(35) at 2026-05-09 11:11:31: 1,246,535,224 states generated (582,970 s/min), 110,903,442 distinct states found (55,834 ds/min), 4,505,762 states left on queue.
Progress(35) at 2026-05-09 11:12:31: 1,247,154,241 states generated (619,017 s/min), 110,963,901 distinct states found (60,459 ds/min), 4,495,798 states left on queue.
Progress(35) at 2026-05-09 11:13:31: 1,247,664,422 states generated (510,181 s/min), 111,014,022 distinct states found (50,121 ds/min), 4,488,605 states left on queue.
Progress(35) at 2026-05-09 11:14:31: 1,248,262,382 states generated (597,960 s/min), 111,071,555 distinct states found (57,533 ds/min), 4,479,503 states left on queue.
Progress(35) at 2026-05-09 11:15:31: 1,248,968,918 states generated (706,536 s/min), 111,134,757 distinct states found (63,202 ds/min), 4,464,730 states left on queue.
Progress(35) at 2026-05-09 11:16:31: 1,249,541,019 states generated (572,101 s/min), 111,190,457 distinct states found (55,700 ds/min), 4,456,391 states left on queue.
Progress(35) at 2026-05-09 11:17:31: 1,250,059,014 states generated (517,995 s/min), 111,238,578 distinct states found (48,121 ds/min), 4,448,633 states left on queue.
Progress(35) at 2026-05-09 11:18:31: 1,250,567,475 states generated (508,461 s/min), 111,283,646 distinct states found (45,068 ds/min), 4,441,128 states left on queue.
Progress(35) at 2026-05-09 11:19:31: 1,251,096,186 states generated (528,711 s/min), 111,330,446 distinct states found (46,800 ds/min), 4,432,984 states left on queue.
Progress(35) at 2026-05-09 11:20:31: 1,251,592,690 states generated (496,504 s/min), 111,375,161 distinct states found (44,715 ds/min), 4,426,006 states left on queue.
Progress(35) at 2026-05-09 11:21:31: 1,252,157,345 states generated (564,655 s/min), 111,425,112 distinct states found (49,951 ds/min), 4,416,393 states left on queue.
Progress(35) at 2026-05-09 11:22:31: 1,252,719,931 states generated (562,586 s/min), 111,473,782 distinct states found (48,670 ds/min), 4,406,981 states left on queue.
Progress(35) at 2026-05-09 11:23:31: 1,253,439,604 states generated (719,673 s/min), 111,537,832 distinct states found (64,050 ds/min), 4,391,861 states left on queue.
Progress(35) at 2026-05-09 11:24:31: 1,254,125,629 states generated (686,025 s/min), 111,595,909 distinct states found (58,077 ds/min), 4,378,198 states left on queue.
Progress(35) at 2026-05-09 11:25:31: 1,254,896,646 states generated (771,017 s/min), 111,667,157 distinct states found (71,248 ds/min), 4,357,073 states left on queue.
Progress(35) at 2026-05-09 11:26:31: 1,255,787,182 states generated (890,536 s/min), 111,744,565 distinct states found (77,408 ds/min), 4,327,034 states left on queue.
Progress(35) at 2026-05-09 11:27:31: 1,256,645,562 states generated (858,380 s/min), 111,818,354 distinct states found (73,789 ds/min), 4,299,176 states left on queue.
Progress(35) at 2026-05-09 11:28:31: 1,257,476,176 states generated (830,614 s/min), 111,889,605 distinct states found (71,251 ds/min), 4,278,020 states left on queue.
Progress(35) at 2026-05-09 11:29:31: 1,258,292,034 states generated (815,858 s/min), 111,960,636 distinct states found (71,031 ds/min), 4,254,246 states left on queue.
Progress(35) at 2026-05-09 11:30:31: 1,259,268,654 states generated (976,620 s/min), 112,045,975 distinct states found (85,339 ds/min), 4,221,084 states left on queue.
Progress(35) at 2026-05-09 11:31:31: 1,260,042,635 states generated (773,981 s/min), 112,122,458 distinct states found (76,483 ds/min), 4,203,316 states left on queue.
Progress(35) at 2026-05-09 11:32:31: 1,260,563,620 states generated (520,985 s/min), 112,179,788 distinct states found (57,330 ds/min), 4,197,240 states left on queue.
Progress(35) at 2026-05-09 11:33:31: 1,261,070,163 states generated (506,543 s/min), 112,233,334 distinct states found (53,546 ds/min), 4,189,863 states left on queue.
Progress(35) at 2026-05-09 11:34:31: 1,261,577,307 states generated (507,144 s/min), 112,283,793 distinct states found (50,459 ds/min), 4,182,417 states left on queue.
Progress(35) at 2026-05-09 11:35:31: 1,262,060,608 states generated (483,301 s/min), 112,331,602 distinct states found (47,809 ds/min), 4,175,138 states left on queue.
Progress(35) at 2026-05-09 11:36:31: 1,262,527,464 states generated (466,856 s/min), 112,377,231 distinct states found (45,629 ds/min), 4,168,652 states left on queue.
Progress(35) at 2026-05-09 11:37:31: 1,263,024,997 states generated (497,533 s/min), 112,423,454 distinct states found (46,223 ds/min), 4,161,156 states left on queue.
Checkpointing of run states/26-05-08-18-37-16
Checkpointing completed at (2026-05-09 11:38:31)
Progress(35) at 2026-05-09 11:38:31: 1,263,658,142 states generated (633,145 s/min), 112,480,922 distinct states found (57,468 ds/min), 4,147,663 states left on queue.
Progress(35) at 2026-05-09 11:39:31: 1,264,578,198 states generated (920,056 s/min), 112,562,797 distinct states found (81,875 ds/min), 4,123,052 states left on queue.
Progress(35) at 2026-05-09 11:40:31: 1,265,283,635 states generated (705,437 s/min), 112,630,985 distinct states found (68,188 ds/min), 4,108,585 states left on queue.
Progress(35) at 2026-05-09 11:41:31: 1,265,854,627 states generated (570,992 s/min), 112,685,704 distinct states found (54,719 ds/min), 4,098,683 states left on queue.
Progress(35) at 2026-05-09 11:42:31: 1,266,616,203 states generated (761,576 s/min), 112,754,781 distinct states found (69,077 ds/min), 4,081,433 states left on queue.
Progress(35) at 2026-05-09 11:43:31: 1,267,309,208 states generated (693,005 s/min), 112,821,483 distinct states found (66,702 ds/min), 4,067,368 states left on queue.
Progress(35) at 2026-05-09 11:44:31: 1,267,930,386 states generated (621,178 s/min), 112,878,146 distinct states found (56,663 ds/min), 4,055,362 states left on queue.
Progress(35) at 2026-05-09 11:45:31: 1,268,558,543 states generated (628,157 s/min), 112,939,679 distinct states found (61,533 ds/min), 4,044,402 states left on queue.
Progress(35) at 2026-05-09 11:46:31: 1,269,109,631 states generated (551,088 s/min), 112,993,141 distinct states found (53,462 ds/min), 4,035,447 states left on queue.
Progress(35) at 2026-05-09 11:47:31: 1,269,680,561 states generated (570,930 s/min), 113,047,883 distinct states found (54,742 ds/min), 4,027,025 states left on queue.
Progress(35) at 2026-05-09 11:48:31: 1,270,224,581 states generated (544,020 s/min), 113,098,447 distinct states found (50,564 ds/min), 4,018,734 states left on queue.
Progress(35) at 2026-05-09 11:49:31: 1,270,816,188 states generated (591,607 s/min), 113,151,266 distinct states found (52,819 ds/min), 4,008,486 states left on queue.
Progress(35) at 2026-05-09 11:50:31: 1,271,407,938 states generated (591,750 s/min), 113,203,465 distinct states found (52,199 ds/min), 3,998,127 states left on queue.
Progress(35) at 2026-05-09 11:51:31: 1,271,893,262 states generated (485,324 s/min), 113,247,725 distinct states found (44,260 ds/min), 3,991,619 states left on queue.
Progress(35) at 2026-05-09 11:52:31: 1,272,400,262 states generated (507,000 s/min), 113,292,975 distinct states found (45,250 ds/min), 3,984,381 states left on queue.
Progress(35) at 2026-05-09 11:53:31: 1,272,919,486 states generated (519,224 s/min), 113,337,961 distinct states found (44,986 ds/min), 3,976,582 states left on queue.
Progress(35) at 2026-05-09 11:54:41: 1,273,740,590 states generated (821,104 s/min), 113,409,317 distinct states found (71,356 ds/min), 3,955,406 states left on queue.
Progress(35) at 2026-05-09 11:55:41: 1,274,360,016 states generated (619,426 s/min), 113,463,276 distinct states found (53,959 ds/min), 3,945,076 states left on queue.
Progress(35) at 2026-05-09 11:56:41: 1,275,174,474 states generated (814,458 s/min), 113,530,561 distinct states found (67,285 ds/min), 3,924,122 states left on queue.
Progress(35) at 2026-05-09 11:57:41: 1,275,827,661 states generated (653,187 s/min), 113,586,437 distinct states found (55,876 ds/min), 3,912,870 states left on queue.
Progress(35) at 2026-05-09 11:58:41: 1,276,546,324 states generated (718,663 s/min), 113,644,865 distinct states found (58,428 ds/min), 3,896,472 states left on queue.
Progress(35) at 2026-05-09 11:59:41: 1,277,500,540 states generated (954,216 s/min), 113,727,011 distinct states found (82,146 ds/min), 3,863,301 states left on queue.
Progress(35) at 2026-05-09 12:00:41: 1,278,349,583 states generated (849,043 s/min), 113,797,486 distinct states found (70,475 ds/min), 3,839,331 states left on queue.
Progress(35) at 2026-05-09 12:01:41: 1,279,265,783 states generated (916,200 s/min), 113,879,402 distinct states found (81,916 ds/min), 3,815,469 states left on queue.
Progress(36) at 2026-05-09 12:02:41: 1,280,103,717 states generated (837,934 s/min), 113,956,488 distinct states found (77,086 ds/min), 3,792,484 states left on queue.
Progress(36) at 2026-05-09 12:03:41: 1,280,776,162 states generated (672,445 s/min), 114,023,909 distinct states found (67,421 ds/min), 3,774,821 states left on queue.
Progress(36) at 2026-05-09 12:04:41: 1,281,247,187 states generated (471,025 s/min), 114,076,048 distinct states found (52,139 ds/min), 3,767,320 states left on queue.
Progress(36) at 2026-05-09 12:05:41: 1,281,730,428 states generated (483,241 s/min), 114,126,394 distinct states found (50,346 ds/min), 3,759,736 states left on queue.
Progress(36) at 2026-05-09 12:06:41: 1,282,202,949 states generated (472,521 s/min), 114,174,502 distinct states found (48,108 ds/min), 3,752,741 states left on queue.
Progress(36) at 2026-05-09 12:07:41: 1,282,653,714 states generated (450,765 s/min), 114,220,172 distinct states found (45,670 ds/min), 3,745,995 states left on queue.
Checkpointing of run states/26-05-08-18-37-16
Checkpointing completed at (2026-05-09 12:08:41)
Progress(36) at 2026-05-09 12:08:41: 1,283,117,533 states generated (463,819 s/min), 114,261,670 distinct states found (41,498 ds/min), 3,736,228 states left on queue.
Progress(36) at 2026-05-09 12:09:41: 1,283,776,776 states generated (659,243 s/min), 114,319,781 distinct states found (58,111 ds/min), 3,716,677 states left on queue.
Progress(36) at 2026-05-09 12:10:41: 1,284,662,166 states generated (885,390 s/min), 114,400,147 distinct states found (80,366 ds/min), 3,689,180 states left on queue.
Progress(36) at 2026-05-09 12:11:41: 1,285,468,899 states generated (806,733 s/min), 114,475,059 distinct states found (74,912 ds/min), 3,665,556 states left on queue.
Progress(36) at 2026-05-09 12:12:41: 1,285,988,405 states generated (519,506 s/min), 114,527,730 distinct states found (52,671 ds/min), 3,656,420 states left on queue.
Progress(36) at 2026-05-09 12:13:41: 1,286,581,170 states generated (592,765 s/min), 114,583,911 distinct states found (56,181 ds/min), 3,643,893 states left on queue.
Progress(36) at 2026-05-09 12:14:41: 1,287,093,206 states generated (512,036 s/min), 114,635,778 distinct states found (51,867 ds/min), 3,635,212 states left on queue.
Progress(36) at 2026-05-09 12:15:41: 1,287,643,419 states generated (550,213 s/min), 114,689,271 distinct states found (53,493 ds/min), 3,625,347 states left on queue.
Progress(36) at 2026-05-09 12:16:41: 1,288,289,408 states generated (645,989 s/min), 114,747,621 distinct states found (58,350 ds/min), 3,609,842 states left on queue.
Progress(36) at 2026-05-09 12:17:41: 1,288,827,935 states generated (538,527 s/min), 114,800,434 distinct states found (52,813 ds/min), 3,600,218 states left on queue.
Progress(36) at 2026-05-09 12:18:41: 1,289,310,370 states generated (482,435 s/min), 114,844,536 distinct states found (44,102 ds/min), 3,591,313 states left on queue.
Progress(36) at 2026-05-09 12:19:41: 1,289,789,838 states generated (479,468 s/min), 114,887,725 distinct states found (43,189 ds/min), 3,582,534 states left on queue.
Progress(36) at 2026-05-09 12:20:41: 1,290,287,976 states generated (498,138 s/min), 114,931,139 distinct states found (43,414 ds/min), 3,571,970 states left on queue.
Progress(36) at 2026-05-09 12:21:41: 1,290,804,589 states generated (516,613 s/min), 114,978,187 distinct states found (47,048 ds/min), 3,562,140 states left on queue.
Progress(36) at 2026-05-09 12:22:41: 1,291,333,409 states generated (528,820 s/min), 115,023,646 distinct states found (45,459 ds/min), 3,550,453 states left on queue.
Progress(36) at 2026-05-09 12:23:41: 1,291,994,745 states generated (661,336 s/min), 115,082,634 distinct states found (58,988 ds/min), 3,534,404 states left on queue.
Progress(36) at 2026-05-09 12:24:41: 1,292,626,021 states generated (631,276 s/min), 115,137,740 distinct states found (55,106 ds/min), 3,519,083 states left on queue.
Progress(36) at 2026-05-09 12:25:41: 1,293,440,647 states generated (814,626 s/min), 115,211,182 distinct states found (73,442 ds/min), 3,487,820 states left on queue.
Progress(36) at 2026-05-09 12:26:41: 1,294,255,430 states generated (814,783 s/min), 115,281,326 distinct states found (70,144 ds/min), 3,457,450 states left on queue.
Progress(36) at 2026-05-09 12:27:41: 1,294,991,528 states generated (736,098 s/min), 115,344,745 distinct states found (63,419 ds/min), 3,436,249 states left on queue.
Progress(36) at 2026-05-09 12:28:41: 1,295,863,325 states generated (871,797 s/min), 115,420,278 distinct states found (75,533 ds/min), 3,403,091 states left on queue.
Progress(36) at 2026-05-09 12:29:41: 1,296,652,877 states generated (789,552 s/min), 115,498,108 distinct states found (77,830 ds/min), 3,381,052 states left on queue.
Progress(36) at 2026-05-09 12:30:41: 1,297,146,008 states generated (493,131 s/min), 115,551,527 distinct states found (53,419 ds/min), 3,372,073 states left on queue.
Progress(36) at 2026-05-09 12:31:41: 1,297,628,665 states generated (482,657 s/min), 115,603,117 distinct states found (51,590 ds/min), 3,363,896 states left on queue.
Progress(36) at 2026-05-09 12:32:41: 1,298,126,014 states generated (497,349 s/min), 115,652,594 distinct states found (49,477 ds/min), 3,355,749 states left on queue.
Progress(36) at 2026-05-09 12:33:41: 1,298,573,050 states generated (447,036 s/min), 115,698,844 distinct states found (46,250 ds/min), 3,349,133 states left on queue.
Progress(36) at 2026-05-09 12:34:41: 1,299,042,368 states generated (469,318 s/min), 115,743,144 distinct states found (44,300 ds/min), 3,340,743 states left on queue.
Progress(36) at 2026-05-09 12:35:41: 1,299,499,678 states generated (457,310 s/min), 115,783,070 distinct states found (39,926 ds/min), 3,330,303 states left on queue.
Progress(36) at 2026-05-09 12:36:41: 1,300,373,661 states generated (873,983 s/min), 115,861,552 distinct states found (78,482 ds/min), 3,302,848 states left on queue.
Progress(36) at 2026-05-09 12:37:41: 1,301,013,171 states generated (639,510 s/min), 115,924,701 distinct states found (63,149 ds/min), 3,287,774 states left on queue.
Checkpointing of run states/26-05-08-18-37-16
Checkpointing completed at (2026-05-09 12:38:41)
Progress(36) at 2026-05-09 12:38:41: 1,301,576,821 states generated (563,650 s/min), 115,978,547 distinct states found (53,846 ds/min), 3,276,314 states left on queue.
Progress(36) at 2026-05-09 12:39:41: 1,302,295,637 states generated (718,816 s/min), 116,045,484 distinct states found (66,937 ds/min), 3,257,398 states left on queue.
Progress(36) at 2026-05-09 12:40:41: 1,302,877,734 states generated (582,097 s/min), 116,101,474 distinct states found (55,990 ds/min), 3,245,882 states left on queue.
Progress(36) at 2026-05-09 12:41:41: 1,303,507,192 states generated (629,458 s/min), 116,161,709 distinct states found (60,235 ds/min), 3,231,865 states left on queue.
Progress(36) at 2026-05-09 12:42:41: 1,304,031,332 states generated (524,140 s/min), 116,213,592 distinct states found (51,883 ds/min), 3,221,863 states left on queue.
Progress(36) at 2026-05-09 12:43:41: 1,304,571,196 states generated (539,864 s/min), 116,265,562 distinct states found (51,970 ds/min), 3,211,728 states left on queue.
Progress(36) at 2026-05-09 12:44:41: 1,305,102,271 states generated (531,075 s/min), 116,314,804 distinct states found (49,242 ds/min), 3,201,490 states left on queue.
Progress(36) at 2026-05-09 12:45:41: 1,305,642,626 states generated (540,355 s/min), 116,363,159 distinct states found (48,355 ds/min), 3,190,386 states left on queue.
Progress(36) at 2026-05-09 12:46:41: 1,306,174,951 states generated (532,325 s/min), 116,410,363 distinct states found (47,204 ds/min), 3,179,057 states left on queue.
Progress(36) at 2026-05-09 12:47:41: 1,306,648,442 states generated (473,491 s/min), 116,452,764 distinct states found (42,401 ds/min), 3,170,045 states left on queue.
Progress(36) at 2026-05-09 12:48:41: 1,307,137,337 states generated (488,895 s/min), 116,495,020 distinct states found (42,256 ds/min), 3,160,287 states left on queue.
Progress(36) at 2026-05-09 12:49:41: 1,307,846,581 states generated (709,244 s/min), 116,558,007 distinct states found (62,987 ds/min), 3,141,095 states left on queue.
Progress(36) at 2026-05-09 12:50:41: 1,308,408,391 states generated (561,810 s/min), 116,606,577 distinct states found (48,570 ds/min), 3,129,372 states left on queue.
Progress(36) at 2026-05-09 12:51:41: 1,309,179,095 states generated (770,704 s/min), 116,672,130 distinct states found (65,553 ds/min), 3,107,878 states left on queue.
Progress(36) at 2026-05-09 12:52:41: 1,309,798,912 states generated (619,817 s/min), 116,724,653 distinct states found (52,523 ds/min), 3,093,867 states left on queue.
Progress(36) at 2026-05-09 12:53:41: 1,310,651,847 states generated (852,935 s/min), 116,797,673 distinct states found (73,020 ds/min), 3,061,834 states left on queue.
Progress(36) at 2026-05-09 12:54:50: 1,311,419,302 states generated (767,455 s/min), 116,863,712 distinct states found (66,039 ds/min), 3,037,996 states left on queue.
Progress(37) at 2026-05-09 12:55:50: 1,312,242,317 states generated (823,015 s/min), 116,938,591 distinct states found (74,879 ds/min), 3,014,077 states left on queue.
Progress(37) at 2026-05-09 12:56:50: 1,312,947,902 states generated (705,585 s/min), 117,007,083 distinct states found (68,492 ds/min), 2,989,506 states left on queue.
Progress(37) at 2026-05-09 12:57:50: 1,313,402,605 states generated (454,703 s/min), 117,058,563 distinct states found (51,480 ds/min), 2,981,508 states left on queue.
Progress(37) at 2026-05-09 12:58:50: 1,313,862,317 states generated (459,712 s/min), 117,105,005 distinct states found (46,442 ds/min), 2,970,622 states left on queue.
Progress(37) at 2026-05-09 12:59:50: 1,314,308,985 states generated (446,668 s/min), 117,148,870 distinct states found (43,865 ds/min), 2,959,454 states left on queue.
Progress(37) at 2026-05-09 13:00:50: 1,314,741,236 states generated (432,251 s/min), 117,190,423 distinct states found (41,553 ds/min), 2,949,670 states left on queue.
Progress(37) at 2026-05-09 13:01:50: 1,315,217,102 states generated (475,866 s/min), 117,233,862 distinct states found (43,439 ds/min), 2,938,578 states left on queue.
Progress(37) at 2026-05-09 13:02:50: 1,316,077,311 states generated (860,209 s/min), 117,310,452 distinct states found (76,590 ds/min), 2,904,427 states left on queue.
Progress(37) at 2026-05-09 13:03:50: 1,316,769,068 states generated (691,757 s/min), 117,376,304 distinct states found (65,852 ds/min), 2,882,093 states left on queue.
Progress(37) at 2026-05-09 13:04:50: 1,317,282,140 states generated (513,072 s/min), 117,426,383 distinct states found (50,079 ds/min), 2,869,338 states left on queue.
Progress(37) at 2026-05-09 13:05:50: 1,317,801,926 states generated (519,786 s/min), 117,478,667 distinct states found (52,284 ds/min), 2,857,388 states left on queue.
Progress(37) at 2026-05-09 13:06:50: 1,318,303,762 states generated (501,836 s/min), 117,528,053 distinct states found (49,386 ds/min), 2,845,943 states left on queue.
Progress(37) at 2026-05-09 13:07:50: 1,318,890,118 states generated (586,356 s/min), 117,581,094 distinct states found (53,041 ds/min), 2,828,510 states left on queue.
Checkpointing of run states/26-05-08-18-37-16
Checkpointing completed at (2026-05-09 13:08:50)
Progress(37) at 2026-05-09 13:08:50: 1,319,401,197 states generated (511,079 s/min), 117,631,122 distinct states found (50,028 ds/min), 2,816,720 states left on queue.
Progress(37) at 2026-05-09 13:09:50: 1,319,849,888 states generated (448,691 s/min), 117,671,973 distinct states found (40,851 ds/min), 2,806,463 states left on queue.
Progress(37) at 2026-05-09 13:10:50: 1,320,316,390 states generated (466,502 s/min), 117,713,751 distinct states found (41,778 ds/min), 2,795,568 states left on queue.
Progress(37) at 2026-05-09 13:11:50: 1,320,796,385 states generated (479,995 s/min), 117,756,804 distinct states found (43,053 ds/min), 2,783,851 states left on queue.
Progress(37) at 2026-05-09 13:12:50: 1,321,304,994 states generated (508,609 s/min), 117,801,537 distinct states found (44,733 ds/min), 2,771,309 states left on queue.
Progress(37) at 2026-05-09 13:13:50: 1,321,937,813 states generated (632,819 s/min), 117,858,532 distinct states found (56,995 ds/min), 2,752,810 states left on queue.
Progress(37) at 2026-05-09 13:14:50: 1,322,579,295 states generated (641,482 s/min), 117,916,420 distinct states found (57,888 ds/min), 2,730,665 states left on queue.
Progress(37) at 2026-05-09 13:15:50: 1,323,378,702 states generated (799,407 s/min), 117,987,376 distinct states found (70,956 ds/min), 2,697,875 states left on queue.
Progress(37) at 2026-05-09 13:16:50: 1,324,071,388 states generated (692,686 s/min), 118,048,478 distinct states found (61,102 ds/min), 2,673,783 states left on queue.
Progress(37) at 2026-05-09 13:17:50: 1,324,902,546 states generated (831,158 s/min), 118,123,965 distinct states found (75,487 ds/min), 2,640,808 states left on queue.
Progress(37) at 2026-05-09 13:18:50: 1,325,403,167 states generated (500,621 s/min), 118,179,558 distinct states found (55,593 ds/min), 2,630,734 states left on queue.
Progress(37) at 2026-05-09 13:19:50: 1,325,863,544 states generated (460,377 s/min), 118,227,992 distinct states found (48,434 ds/min), 2,619,926 states left on queue.
Progress(37) at 2026-05-09 13:20:50: 1,326,327,830 states generated (464,286 s/min), 118,273,345 distinct states found (45,353 ds/min), 2,608,550 states left on queue.
Progress(37) at 2026-05-09 13:21:50: 1,326,756,089 states generated (428,259 s/min), 118,315,538 distinct states found (42,193 ds/min), 2,598,593 states left on queue.
Progress(37) at 2026-05-09 13:22:50: 1,327,201,798 states generated (445,709 s/min), 118,356,969 distinct states found (41,431 ds/min), 2,588,801 states left on queue.
Progress(37) at 2026-05-09 13:23:50: 1,327,907,689 states generated (705,891 s/min), 118,420,146 distinct states found (63,177 ds/min), 2,564,231 states left on queue.
Progress(37) at 2026-05-09 13:24:50: 1,328,516,556 states generated (608,867 s/min), 118,479,274 distinct states found (59,128 ds/min), 2,546,730 states left on queue.
Progress(37) at 2026-05-09 13:25:50: 1,329,072,223 states generated (555,667 s/min), 118,531,572 distinct states found (52,298 ds/min), 2,531,264 states left on queue.
Progress(37) at 2026-05-09 13:26:50: 1,329,715,538 states generated (643,315 s/min), 118,593,125 distinct states found (61,553 ds/min), 2,511,394 states left on queue.
Progress(37) at 2026-05-09 13:27:50: 1,330,280,887 states generated (565,349 s/min), 118,647,457 distinct states found (54,332 ds/min), 2,496,361 states left on queue.
Progress(37) at 2026-05-09 13:28:50: 1,330,777,834 states generated (496,947 s/min), 118,695,726 distinct states found (48,269 ds/min), 2,483,886 states left on queue.
Progress(37) at 2026-05-09 13:29:50: 1,331,291,520 states generated (513,686 s/min), 118,745,589 distinct states found (49,863 ds/min), 2,472,059 states left on queue.
Progress(37) at 2026-05-09 13:30:50: 1,331,793,178 states generated (501,658 s/min), 118,791,727 distinct states found (46,138 ds/min), 2,459,396 states left on queue.
Progress(37) at 2026-05-09 13:31:50: 1,332,305,238 states generated (512,060 s/min), 118,837,561 distinct states found (45,834 ds/min), 2,445,862 states left on queue.
Progress(37) at 2026-05-09 13:32:50: 1,332,747,373 states generated (442,135 s/min), 118,877,769 distinct states found (40,208 ds/min), 2,436,336 states left on queue.
Progress(37) at 2026-05-09 13:33:50: 1,333,213,244 states generated (465,871 s/min), 118,919,117 distinct states found (41,348 ds/min), 2,425,963 states left on queue.
Progress(37) at 2026-05-09 13:34:50: 1,333,841,690 states generated (628,446 s/min), 118,975,818 distinct states found (56,701 ds/min), 2,406,981 states left on queue.
Progress(37) at 2026-05-09 13:35:50: 1,334,467,181 states generated (625,491 s/min), 119,029,164 distinct states found (53,346 ds/min), 2,388,081 states left on queue.
Progress(37) at 2026-05-09 13:36:50: 1,335,052,742 states generated (585,561 s/min), 119,079,838 distinct states found (50,674 ds/min), 2,372,343 states left on queue.
Progress(37) at 2026-05-09 13:37:50: 1,335,829,236 states generated (776,494 s/min), 119,147,988 distinct states found (68,150 ds/min), 2,342,809 states left on queue.
Checkpointing of run states/26-05-08-18-37-16
Checkpointing completed at (2026-05-09 13:38:50)
Progress(37) at 2026-05-09 13:38:50: 1,336,537,597 states generated (708,361 s/min), 119,212,002 distinct states found (64,014 ds/min), 2,319,517 states left on queue.
Progress(37) at 2026-05-09 13:39:50: 1,337,309,161 states generated (771,564 s/min), 119,283,010 distinct states found (71,008 ds/min), 2,290,726 states left on queue.
Progress(37) at 2026-05-09 13:40:50: 1,337,744,482 states generated (435,321 s/min), 119,331,729 distinct states found (48,719 ds/min), 2,278,933 states left on queue.
Progress(37) at 2026-05-09 13:41:50: 1,338,180,329 states generated (435,847 s/min), 119,377,531 distinct states found (45,802 ds/min), 2,268,360 states left on queue.
Progress(37) at 2026-05-09 13:42:50: 1,338,602,462 states generated (422,133 s/min), 119,421,402 distinct states found (43,871 ds/min), 2,259,022 states left on queue.
Progress(37) at 2026-05-09 13:43:50: 1,339,024,969 states generated (422,507 s/min), 119,460,546 distinct states found (39,144 ds/min), 2,248,286 states left on queue.
Progress(37) at 2026-05-09 13:44:50: 1,339,734,935 states generated (709,966 s/min), 119,524,685 distinct states found (64,139 ds/min), 2,219,648 states left on queue.
Progress(37) at 2026-05-09 13:45:50: 1,340,354,840 states generated (619,905 s/min), 119,584,554 distinct states found (59,869 ds/min), 2,197,685 states left on queue.
Progress(37) at 2026-05-09 13:46:50: 1,340,854,676 states generated (499,836 s/min), 119,633,825 distinct states found (49,271 ds/min), 2,182,935 states left on queue.
Progress(37) at 2026-05-09 13:47:50: 1,341,326,620 states generated (471,944 s/min), 119,681,631 distinct states found (47,806 ds/min), 2,170,481 states left on queue.
Progress(37) at 2026-05-09 13:48:50: 1,341,864,692 states generated (538,072 s/min), 119,733,079 distinct states found (51,448 ds/min), 2,154,701 states left on queue.
Progress(37) at 2026-05-09 13:49:50: 1,342,340,447 states generated (475,755 s/min), 119,780,118 distinct states found (47,039 ds/min), 2,142,217 states left on queue.
Progress(37) at 2026-05-09 13:50:50: 1,342,771,527 states generated (431,080 s/min), 119,819,915 distinct states found (39,797 ds/min), 2,131,713 states left on queue.
Progress(37) at 2026-05-09 13:51:50: 1,343,224,729 states generated (453,202 s/min), 119,860,720 distinct states found (40,805 ds/min), 2,120,156 states left on queue.
Progress(37) at 2026-05-09 13:52:50: 1,343,695,440 states generated (470,711 s/min), 119,903,490 distinct states found (42,770 ds/min), 2,107,554 states left on queue.
Progress(37) at 2026-05-09 13:53:50: 1,344,269,379 states generated (573,939 s/min), 119,955,674 distinct states found (52,184 ds/min), 2,089,242 states left on queue.
Progress(37) at 2026-05-09 13:54:59: 1,344,941,234 states generated (671,855 s/min), 120,014,478 distinct states found (58,804 ds/min), 2,058,813 states left on queue.
Progress(37) at 2026-05-09 13:55:59: 1,345,619,722 states generated (678,488 s/min), 120,073,741 distinct states found (59,263 ds/min), 2,030,059 states left on queue.
Progress(37) at 2026-05-09 13:56:59: 1,346,340,015 states generated (720,293 s/min), 120,141,003 distinct states found (67,262 ds/min), 1,998,361 states left on queue.
Progress(37) at 2026-05-09 13:57:59: 1,346,788,777 states generated (448,762 s/min), 120,190,218 distinct states found (49,215 ds/min), 1,986,190 states left on queue.
Progress(37) at 2026-05-09 13:58:59: 1,347,233,684 states generated (444,907 s/min), 120,235,971 distinct states found (45,753 ds/min), 1,975,399 states left on queue.
Progress(37) at 2026-05-09 13:59:59: 1,347,650,838 states generated (417,154 s/min), 120,278,597 distinct states found (42,626 ds/min), 1,965,920 states left on queue.
Progress(37) at 2026-05-09 14:00:59: 1,348,081,536 states generated (430,698 s/min), 120,318,305 distinct states found (39,708 ds/min), 1,954,814 states left on queue.
Progress(37) at 2026-05-09 14:01:59: 1,348,782,461 states generated (700,925 s/min), 120,383,177 distinct states found (64,872 ds/min), 1,927,192 states left on queue.
Progress(37) at 2026-05-09 14:02:59: 1,349,264,954 states generated (482,493 s/min), 120,431,339 distinct states found (48,162 ds/min), 1,913,991 states left on queue.
Progress(37) at 2026-05-09 14:03:59: 1,349,868,506 states generated (603,552 s/min), 120,489,394 distinct states found (58,055 ds/min), 1,893,540 states left on queue.
Progress(37) at 2026-05-09 14:04:59: 1,350,387,649 states generated (519,143 s/min), 120,540,020 distinct states found (50,626 ds/min), 1,877,697 states left on queue.
Progress(37) at 2026-05-09 14:05:59: 1,350,865,612 states generated (477,963 s/min), 120,587,580 distinct states found (47,560 ds/min), 1,864,199 states left on queue.
Progress(37) at 2026-05-09 14:06:59: 1,351,334,968 states generated (469,356 s/min), 120,632,774 distinct states found (45,194 ds/min), 1,852,200 states left on queue.
Progress(37) at 2026-05-09 14:07:59: 1,351,829,119 states generated (494,151 s/min), 120,677,994 distinct states found (45,220 ds/min), 1,839,087 states left on queue.
Checkpointing of run states/26-05-08-18-37-16
Checkpointing completed at (2026-05-09 14:09:00)
Progress(37) at 2026-05-09 14:09:00: 1,352,263,942 states generated (434,823 s/min), 120,718,146 distinct states found (40,152 ds/min), 1,828,517 states left on queue.
Progress(37) at 2026-05-09 14:10:00: 1,352,803,090 states generated (539,148 s/min), 120,765,742 distinct states found (47,596 ds/min), 1,811,218 states left on queue.
Progress(37) at 2026-05-09 14:11:00: 1,353,318,419 states generated (515,329 s/min), 120,812,372 distinct states found (46,630 ds/min), 1,796,569 states left on queue.
Progress(37) at 2026-05-09 14:12:00: 1,353,917,831 states generated (599,412 s/min), 120,865,423 distinct states found (53,051 ds/min), 1,776,960 states left on queue.
Progress(37) at 2026-05-09 14:13:00: 1,354,610,849 states generated (693,018 s/min), 120,924,279 distinct states found (58,856 ds/min), 1,745,836 states left on queue.
Progress(37) at 2026-05-09 14:14:00: 1,355,319,856 states generated (709,007 s/min), 120,990,168 distinct states found (65,889 ds/min), 1,717,521 states left on queue.
Progress(37) at 2026-05-09 14:15:00: 1,355,771,982 states generated (452,126 s/min), 121,041,160 distinct states found (50,992 ds/min), 1,704,376 states left on queue.
Progress(37) at 2026-05-09 14:16:00: 1,356,198,817 states generated (426,835 s/min), 121,084,531 distinct states found (43,371 ds/min), 1,691,495 states left on queue.
Progress(37) at 2026-05-09 14:17:00: 1,356,606,712 states generated (407,895 s/min), 121,124,549 distinct states found (40,018 ds/min), 1,679,178 states left on queue.
Progress(37) at 2026-05-09 14:18:00: 1,357,195,524 states generated (588,812 s/min), 121,177,298 distinct states found (52,749 ds/min), 1,653,762 states left on queue.
Progress(37) at 2026-05-09 14:19:00: 1,357,744,493 states generated (548,969 s/min), 121,231,510 distinct states found (54,212 ds/min), 1,633,105 states left on queue.
Progress(37) at 2026-05-09 14:20:00: 1,358,214,543 states generated (470,050 s/min), 121,279,371 distinct states found (47,861 ds/min), 1,618,698 states left on queue.
Progress(37) at 2026-05-09 14:21:00: 1,358,699,278 states generated (484,735 s/min), 121,326,498 distinct states found (47,127 ds/min), 1,602,881 states left on queue.
Progress(37) at 2026-05-09 14:22:00: 1,359,162,538 states generated (463,260 s/min), 121,372,353 distinct states found (45,855 ds/min), 1,588,459 states left on queue.
Progress(37) at 2026-05-09 14:23:00: 1,359,585,992 states generated (423,454 s/min), 121,410,762 distinct states found (38,409 ds/min), 1,574,981 states left on queue.
Progress(37) at 2026-05-09 14:24:00: 1,360,026,342 states generated (440,350 s/min), 121,451,101 distinct states found (40,339 ds/min), 1,560,927 states left on queue.
Progress(37) at 2026-05-09 14:25:00: 1,360,538,860 states generated (512,518 s/min), 121,497,701 distinct states found (46,600 ds/min), 1,542,432 states left on queue.
Progress(38) at 2026-05-09 14:26:00: 1,361,172,031 states generated (633,171 s/min), 121,551,953 distinct states found (54,252 ds/min), 1,507,716 states left on queue.
Progress(38) at 2026-05-09 14:27:00: 1,361,827,128 states generated (655,097 s/min), 121,611,287 distinct states found (59,334 ds/min), 1,476,181 states left on queue.
Progress(38) at 2026-05-09 14:28:00: 1,362,256,942 states generated (429,814 s/min), 121,659,501 distinct states found (48,214 ds/min), 1,464,056 states left on queue.
Progress(38) at 2026-05-09 14:29:00: 1,362,681,749 states generated (424,807 s/min), 121,702,506 distinct states found (43,005 ds/min), 1,451,260 states left on queue.
Progress(38) at 2026-05-09 14:30:00: 1,363,091,529 states generated (409,780 s/min), 121,742,167 distinct states found (39,661 ds/min), 1,438,720 states left on queue.
Progress(38) at 2026-05-09 14:31:00: 1,363,678,193 states generated (586,664 s/min), 121,795,788 distinct states found (53,621 ds/min), 1,414,074 states left on queue.
Progress(38) at 2026-05-09 14:32:00: 1,364,169,617 states generated (491,424 s/min), 121,844,196 distinct states found (48,408 ds/min), 1,397,494 states left on queue.
Progress(38) at 2026-05-09 14:33:00: 1,364,698,023 states generated (528,406 s/min), 121,896,554 distinct states found (52,358 ds/min), 1,379,083 states left on queue.
Progress(38) at 2026-05-09 14:34:00: 1,365,155,459 states generated (457,436 s/min), 121,942,646 distinct states found (46,092 ds/min), 1,364,825 states left on queue.
Progress(38) at 2026-05-09 14:35:00: 1,365,609,697 states generated (454,238 s/min), 121,987,078 distinct states found (44,432 ds/min), 1,350,965 states left on queue.
Progress(38) at 2026-05-09 14:36:00: 1,366,062,931 states generated (453,234 s/min), 122,028,201 distinct states found (41,123 ds/min), 1,335,681 states left on queue.
Progress(38) at 2026-05-09 14:37:00: 1,366,485,558 states generated (422,627 s/min), 122,066,351 distinct states found (38,150 ds/min), 1,322,625 states left on queue.
Progress(38) at 2026-05-09 14:38:00: 1,367,003,867 states generated (518,309 s/min), 122,113,144 distinct states found (46,793 ds/min), 1,303,377 states left on queue.
Checkpointing of run states/26-05-08-18-37-16
Checkpointing completed at (2026-05-09 14:39:00)
Progress(38) at 2026-05-09 14:39:00: 1,367,573,636 states generated (569,769 s/min), 122,163,201 distinct states found (50,057 ds/min), 1,279,302 states left on queue.
Progress(38) at 2026-05-09 14:40:00: 1,368,207,720 states generated (634,084 s/min), 122,220,532 distinct states found (57,331 ds/min), 1,250,111 states left on queue.
Progress(38) at 2026-05-09 14:41:00: 1,368,695,713 states generated (487,993 s/min), 122,271,737 distinct states found (51,205 ds/min), 1,228,868 states left on queue.
Progress(38) at 2026-05-09 14:42:00: 1,369,100,734 states generated (405,021 s/min), 122,313,470 distinct states found (41,733 ds/min), 1,214,275 states left on queue.
Progress(38) at 2026-05-09 14:43:00: 1,369,530,926 states generated (430,192 s/min), 122,351,079 distinct states found (37,609 ds/min), 1,195,060 states left on queue.
Progress(38) at 2026-05-09 14:44:00: 1,370,080,742 states generated (549,816 s/min), 122,403,661 distinct states found (52,582 ds/min), 1,167,496 states left on queue.
Progress(38) at 2026-05-09 14:45:00: 1,370,521,571 states generated (440,829 s/min), 122,448,916 distinct states found (45,255 ds/min), 1,150,917 states left on queue.
Progress(38) at 2026-05-09 14:46:00: 1,370,982,106 states generated (460,535 s/min), 122,494,627 distinct states found (45,711 ds/min), 1,132,773 states left on queue.
Progress(38) at 2026-05-09 14:47:00: 1,371,385,242 states generated (403,136 s/min), 122,530,890 distinct states found (36,263 ds/min), 1,117,366 states left on queue.
Progress(38) at 2026-05-09 14:48:00: 1,371,828,336 states generated (443,094 s/min), 122,570,009 distinct states found (39,119 ds/min), 1,098,668 states left on queue.
Progress(39) at 2026-05-09 14:49:00: 1,372,356,736 states generated (528,400 s/min), 122,619,686 distinct states found (49,677 ds/min), 1,073,256 states left on queue.
Progress(39) at 2026-05-09 14:50:00: 1,372,908,563 states generated (551,827 s/min), 122,673,521 distinct states found (53,835 ds/min), 1,046,021 states left on queue.
Progress(39) at 2026-05-09 14:51:00: 1,373,322,343 states generated (413,780 s/min), 122,717,675 distinct states found (44,154 ds/min), 1,030,990 states left on queue.
Progress(39) at 2026-05-09 14:52:00: 1,373,720,863 states generated (398,520 s/min), 122,756,244 distinct states found (38,569 ds/min), 1,016,104 states left on queue.
Progress(39) at 2026-05-09 14:53:00: 1,374,222,271 states generated (501,408 s/min), 122,801,993 distinct states found (45,749 ds/min), 991,715 states left on queue.
Progress(39) at 2026-05-09 14:54:00: 1,374,708,572 states generated (486,301 s/min), 122,849,697 distinct states found (47,704 ds/min), 970,523 states left on queue.
Progress(39) at 2026-05-09 14:55:09: 1,375,158,869 states generated (450,297 s/min), 122,894,424 distinct states found (44,727 ds/min), 952,240 states left on queue.
Progress(39) at 2026-05-09 14:56:09: 1,375,593,616 states generated (434,747 s/min), 122,936,596 distinct states found (42,172 ds/min), 935,880 states left on queue.
Progress(39) at 2026-05-09 14:57:09: 1,376,006,758 states generated (413,142 s/min), 122,973,761 distinct states found (37,165 ds/min), 920,008 states left on queue.
Progress(39) at 2026-05-09 14:58:09: 1,376,470,666 states generated (463,908 s/min), 123,014,591 distinct states found (40,830 ds/min), 899,390 states left on queue.
Progress(39) at 2026-05-09 14:59:09: 1,377,005,460 states generated (534,794 s/min), 123,063,229 distinct states found (48,638 ds/min), 873,690 states left on queue.
Progress(39) at 2026-05-09 15:00:09: 1,377,510,985 states generated (505,525 s/min), 123,115,399 distinct states found (52,170 ds/min), 848,971 states left on queue.
Progress(39) at 2026-05-09 15:01:09: 1,377,898,626 states generated (387,641 s/min), 123,153,146 distinct states found (37,747 ds/min), 831,661 states left on queue.
Progress(39) at 2026-05-09 15:02:09: 1,378,379,257 states generated (480,631 s/min), 123,201,352 distinct states found (48,206 ds/min), 809,967 states left on queue.
Progress(39) at 2026-05-09 15:03:09: 1,378,794,719 states generated (415,462 s/min), 123,243,868 distinct states found (42,516 ds/min), 791,527 states left on queue.
Progress(39) at 2026-05-09 15:04:09: 1,379,215,098 states generated (420,379 s/min), 123,285,094 distinct states found (41,226 ds/min), 773,691 states left on queue.
Progress(39) at 2026-05-09 15:05:09: 1,379,615,257 states generated (400,159 s/min), 123,322,803 distinct states found (37,709 ds/min), 759,089 states left on queue.
Progress(40) at 2026-05-09 15:06:09: 1,380,119,301 states generated (504,044 s/min), 123,372,567 distinct states found (49,764 ds/min), 733,529 states left on queue.
Progress(40) at 2026-05-09 15:07:09: 1,380,568,963 states generated (449,662 s/min), 123,420,446 distinct states found (47,879 ds/min), 711,447 states left on queue.
Progress(40) at 2026-05-09 15:08:09: 1,380,952,199 states generated (383,236 s/min), 123,457,057 distinct states found (36,611 ds/min), 696,090 states left on queue.
Checkpointing of run states/26-05-08-18-37-16
Checkpointing completed at (2026-05-09 15:09:09)
Progress(40) at 2026-05-09 15:09:09: 1,381,429,368 states generated (477,169 s/min), 123,505,403 distinct states found (48,346 ds/min), 673,557 states left on queue.
Progress(40) at 2026-05-09 15:10:09: 1,381,858,471 states generated (429,103 s/min), 123,548,433 distinct states found (43,030 ds/min), 653,973 states left on queue.
Progress(40) at 2026-05-09 15:11:09: 1,382,273,711 states generated (415,240 s/min), 123,588,743 distinct states found (40,310 ds/min), 636,977 states left on queue.
Progress(40) at 2026-05-09 15:12:09: 1,382,689,855 states generated (416,144 s/min), 123,628,659 distinct states found (39,916 ds/min), 620,877 states left on queue.
Progress(40) at 2026-05-09 15:13:09: 1,383,188,843 states generated (498,988 s/min), 123,677,333 distinct states found (48,674 ds/min), 597,258 states left on queue.
Progress(40) at 2026-05-09 15:14:09: 1,383,600,935 states generated (412,092 s/min), 123,722,866 distinct states found (45,533 ds/min), 578,778 states left on queue.
Progress(40) at 2026-05-09 15:15:09: 1,384,032,899 states generated (431,964 s/min), 123,767,126 distinct states found (44,260 ds/min), 557,326 states left on queue.
Progress(40) at 2026-05-09 15:16:09: 1,384,444,659 states generated (411,760 s/min), 123,811,126 distinct states found (44,000 ds/min), 539,190 states left on queue.
Progress(40) at 2026-05-09 15:17:09: 1,384,836,393 states generated (391,734 s/min), 123,848,953 distinct states found (37,827 ds/min), 521,885 states left on queue.
Progress(41) at 2026-05-09 15:18:09: 1,385,302,793 states generated (466,400 s/min), 123,893,917 distinct states found (44,964 ds/min), 490,867 states left on queue.
Progress(41) at 2026-05-09 15:19:09: 1,385,681,380 states generated (378,587 s/min), 123,934,462 distinct states found (40,545 ds/min), 476,567 states left on queue.
Progress(41) at 2026-05-09 15:20:09: 1,386,127,534 states generated (446,154 s/min), 123,981,686 distinct states found (47,224 ds/min), 454,412 states left on queue.
Progress(41) at 2026-05-09 15:21:09: 1,386,527,912 states generated (400,378 s/min), 124,023,115 distinct states found (41,429 ds/min), 437,085 states left on queue.
Progress(41) at 2026-05-09 15:22:09: 1,386,936,887 states generated (408,975 s/min), 124,062,837 distinct states found (39,722 ds/min), 418,007 states left on queue.
Progress(41) at 2026-05-09 15:23:09: 1,387,375,694 states generated (438,807 s/min), 124,107,863 distinct states found (45,026 ds/min), 391,336 states left on queue.
Progress(41) at 2026-05-09 15:24:09: 1,387,773,443 states generated (397,749 s/min), 124,147,109 distinct states found (39,246 ds/min), 365,241 states left on queue.
Progress(41) at 2026-05-09 15:25:09: 1,388,148,609 states generated (375,166 s/min), 124,183,274 distinct states found (36,165 ds/min), 342,142 states left on queue.
Progress(41) at 2026-05-09 15:26:09: 1,388,555,398 states generated (406,789 s/min), 124,222,754 distinct states found (39,480 ds/min), 312,356 states left on queue.
Progress(41) at 2026-05-09 15:27:09: 1,388,950,122 states generated (394,724 s/min), 124,261,112 distinct states found (38,358 ds/min), 286,377 states left on queue.
Progress(41) at 2026-05-09 15:28:09: 1,389,326,425 states generated (376,303 s/min), 124,298,051 distinct states found (36,939 ds/min), 263,448 states left on queue.
Progress(42) at 2026-05-09 15:29:09: 1,389,728,475 states generated (402,050 s/min), 124,336,187 distinct states found (38,136 ds/min), 232,589 states left on queue.
Progress(42) at 2026-05-09 15:30:09: 1,390,085,326 states generated (356,851 s/min), 124,371,367 distinct states found (35,180 ds/min), 204,219 states left on queue.
Progress(42) at 2026-05-09 15:31:09: 1,390,435,226 states generated (349,900 s/min), 124,405,790 distinct states found (34,423 ds/min), 177,722 states left on queue.
Progress(42) at 2026-05-09 15:32:09: 1,390,791,978 states generated (356,752 s/min), 124,440,482 distinct states found (34,692 ds/min), 149,167 states left on queue.
Progress(43) at 2026-05-09 15:33:09: 1,391,139,702 states generated (347,724 s/min), 124,476,234 distinct states found (35,752 ds/min), 122,051 states left on queue.
Progress(43) at 2026-05-09 15:34:09: 1,391,473,819 states generated (334,117 s/min), 124,515,234 distinct states found (39,000 ds/min), 98,887 states left on queue.
Progress(44) at 2026-05-09 15:35:09: 1,391,808,341 states generated (334,522 s/min), 124,555,580 distinct states found (40,346 ds/min), 74,421 states left on queue.
Progress(45) at 2026-05-09 15:36:09: 1,392,143,347 states generated (335,006 s/min), 124,595,495 distinct states found (39,915 ds/min), 42,856 states left on queue.
Model checking completed. No error has been found.
  Estimates of the probability that TLC did not check all reachable states
  because two distinct states had the same fingerprint:
  calculated (optimistic):  val = .0086
  based on the actual fingerprints:  val = 9.3E-4
1392348253 states generated, 124608052 distinct states found, 0 states left on queue.
The depth of the complete state graph search is 45.
The average outdegree of the complete state graph is 1 (minimum is 0, the maximum 13 and the 95th percentile is 3).
Finished in 20h 59min at (2026-05-09 15:36:52)
